Authors,Author(s) ID,Title,Year,Source title,Volume,Issue,Art. No.,Page start,Page end,Page count,Cited by,DOI,Link,Document Type,Publication Stage,Open Access,Source,EID
"Dal Bo, I., Klotzsche, A., Bol, R., Moradi, G., Weihermüller, L., Vereecken, H., van der Kruk, J.","57208472024;36515131700;7006657494;57210666820;23006581400;7004082452;6603626326;","GPR and EMI Characterization of the Hyperarid Study Site of Yungay, Chile: Implications of Applying Geophysical Methods on Mars",2021,"Earth and Space Science","8","12","e2021EA001790","","",,,"10.1029/2021EA001790","https://www.scopus.com/inward/record.uri?eid=2-s2.0-85121611369&doi=10.1029%2f2021EA001790&partnerID=40&md5=dd2a6fc0979a80cc147cf7fe96d6ed62",Article,"Final","All Open Access, Gold",Scopus,2-s2.0-85121611369
"Favaro, E.A., Hugenholtz, C.H., Barchyn, T.E.","57220367538;8696440600;24461065500;","Antecedent controls on the spatial organization of yardangs on the Puna Plateau, north-western Argentina",2021,"Earth Surface Processes and Landforms","46","15",,"3063","3077",,1,"10.1002/esp.5212","https://www.scopus.com/inward/record.uri?eid=2-s2.0-85116389355&doi=10.1002%2fesp.5212&partnerID=40&md5=5b3eb7164295a1a1b21e4bf8d84f8e6e",Article,"Final","",Scopus,2-s2.0-85116389355
"Veneranda, M., Lopez-Reyes, G., Saiz, J., Manrique-Martinez, J.A., Sanz-Arranz, A., Medina, J., Moral, A., Seoane, L., Ibarmia, S., Rull, F.","56100528900;55671026500;57210210579;56454981100;36970734900;7402370526;24071262200;57195105663;36668647900;6701815078;","ExoFiT trial at the Atacama Desert (Chile): Raman detection of biomarkers by representative prototypes of the ExoMars/Raman Laser Spectrometer",2021,"Scientific Reports","11","1","1461","","",,6,"10.1038/s41598-021-81014-z","https://www.scopus.com/inward/record.uri?eid=2-s2.0-85099459090&doi=10.1038%2fs41598-021-81014-z&partnerID=40&md5=dff0549fe8d73c7abbdd5ac2e29a81cc",Article,"Final","All Open Access, Gold, Green",Scopus,2-s2.0-85099459090
"Williams, R.M.E., Irwin, R.P., Noe Dobrea, E.Z., Howard, A.D., Dietrich, W.E., Cawley, J.C.","7409605082;7201975649;8565356600;36506664600;7201810208;36843091400;","Inverted channel variations identified on a distal portion of a bajada in the central Atacama Desert, Chile",2021,"Geomorphology","393",,"107925","","",,,"10.1016/j.geomorph.2021.107925","https://www.scopus.com/inward/record.uri?eid=2-s2.0-85115936460&doi=10.1016%2fj.geomorph.2021.107925&partnerID=40&md5=8d0a8b54327039a102764055b9d92cc9",Article,"Final","All Open Access, Hybrid Gold, Green",Scopus,2-s2.0-85115936460
"Sánchez-García, L., Carrizo, D., Lezcano, M.A., Moreno-Paz, M., Aeppli, C., García-Villadangos, M., Prieto-Ballesteros, O., Demergasso, C., Chong, G., Parro, V.","24476712900;12775412700;55889145900;7801549655;23388713700;23984700500;55901149000;35228899200;55340362300;6701611493;","Time-Integrative Multibiomarker Detection in Triassic-Jurassic Rocks from the Atacama Desert: Relevance to the Search for Basic Life beyond Earth",2021,"Astrobiology","21","11",,"1421","1437",,,"10.1089/ast.2020.2339","https://www.scopus.com/inward/record.uri?eid=2-s2.0-85118716477&doi=10.1089%2fast.2020.2339&partnerID=40&md5=e296179eadfa4428c2baa6a96e482b56",Article,"Final","All Open Access, Hybrid Gold",Scopus,2-s2.0-85118716477
"Wang, Y., Moradi, G., Klumpp, E., von Sperber, C., Tamburini, F., Ritter, B., Fuentes, B., Amelung, W., Bol, R.","57221770527;57210666820;55933282800;55941025800;6602436520;57197364863;36658198000;7004440199;7006657494;","Phosphate oxygen isotope fingerprints of past biological activity in the Atacama Desert",2021,"Geochimica et Cosmochimica Acta","311",,,"1","11",,1,"10.1016/j.gca.2021.07.027","https://www.scopus.com/inward/record.uri?eid=2-s2.0-85112019688&doi=10.1016%2fj.gca.2021.07.027&partnerID=40&md5=a9d3703e30fc84a7d0cc0ae79ef75683",Article,"Final","",Scopus,2-s2.0-85112019688
"Gattacceca, J., Devouard, B., Barrat, J.-A., Rochette, P., Balestrieri, M.L., Bigazzi, G., Ménard, G., Moustard, F., Dos Santos, E., Scorzelli, R., Valenzuela, M., Gounelle, M., Debaille, V., Beck, P., Bonal, L., Reynard, B., Warner, M.","6603540166;6701853723;7102283405;7006811225;7006679326;56212338000;57224782322;56943451700;57224765293;6603903914;57197676669;55883197300;6505542271;7201483615;8519143800;7003527590;57139698000;","A 650 km2 Miocene strewnfield of splash-form impact glasses in the Atacama Desert, Chile",2021,"Earth and Planetary Science Letters","569",,"117049","","",,,"10.1016/j.epsl.2021.117049","https://www.scopus.com/inward/record.uri?eid=2-s2.0-85108280660&doi=10.1016%2fj.epsl.2021.117049&partnerID=40&md5=dec7316fe419b735d21869a7d28ebc10",Article,"Final","All Open Access, Green",Scopus,2-s2.0-85108280660
"Shen, J., Wyness, A.J., Claire, M.W., Zerkle, A.L.","57217583202;57207888210;8691333500;12244468800;","Spatial Variability of Microbial Communities and Salt Distributions Across a Latitudinal Aridity Gradient in the Atacama Desert",2021,"Microbial Ecology","82","2",,"442","458",,4,"10.1007/s00248-020-01672-w","https://www.scopus.com/inward/record.uri?eid=2-s2.0-85099384959&doi=10.1007%2fs00248-020-01672-w&partnerID=40&md5=c2fd4d3e51ebfe8deafc58e257c7872a",Article,"Final","All Open Access, Hybrid Gold, Green",Scopus,2-s2.0-85099384959
"Díaz-Rullo, J., Rodríguez-Valdecantos, G., Torres-Rojas, F., Cid, L., Vargas, I.T., González, B., González-Pastor, J.E.","57226781259;56565483700;57218143096;57226764894;23568919100;7102739062;6602455867;","Mining for Perchlorate Resistance Genes in Microorganisms From Sediments of a Hypersaline Pond in Atacama Desert, Chile",2021,"Frontiers in Microbiology","12",,"723874","","",,1,"10.3389/fmicb.2021.723874","https://www.scopus.com/inward/record.uri?eid=2-s2.0-85112631650&doi=10.3389%2ffmicb.2021.723874&partnerID=40&md5=85bcdcebb5ca15638a2fc2cd037c6808",Article,"Final","All Open Access, Gold, Green",Scopus,2-s2.0-85112631650
"Jackson, W.A., Brundrett, M., Böhlke, J.K., Hatzinger, P.B., Mroczkowski, S.J., Sturchio, N.C.","7401888610;56589694500;7004491698;6602124610;56541264200;7004475068;","Isotopic composition of natural and synthetic chlorate (δ18O, Δ17O, δ37Cl, 36Cl/Cl): Methods and initial results",2021,"Chemosphere","274",,"129586","","",,2,"10.1016/j.chemosphere.2021.129586","https://www.scopus.com/inward/record.uri?eid=2-s2.0-85100081900&doi=10.1016%2fj.chemosphere.2021.129586&partnerID=40&md5=f27385644bb998edae427badbece4f60",Article,"Final","",Scopus,2-s2.0-85100081900
"McKay, C.P.","7101952183;","Preservation of static lifeless landscapes in the antarctic dry valleys and the atacama desert and applications to the moon and mars",2021,"Ethics and the Environment","26","1",,"105","120",,1,"10.2979/ethicsenviro.26.1.05","https://www.scopus.com/inward/record.uri?eid=2-s2.0-85109109887&doi=10.2979%2fethicsenviro.26.1.05&partnerID=40&md5=73adc4a044beabd6c5e642ccec9abc85",Review,"Final","",Scopus,2-s2.0-85109109887
"Pourkhorsandi, H., Debaille, V., Armytage, R.M.G., van Ginneken, M., Rochette, P., Gattacceca, J.","56850503100;6505542271;36008038300;24340144900;7006811225;6603540166;","The effects of terrestrial weathering on samarium‑neodymium isotopic composition of ordinary chondrites",2021,"Chemical Geology","562",,"120056","","",,2,"10.1016/j.chemgeo.2020.120056","https://www.scopus.com/inward/record.uri?eid=2-s2.0-85099498913&doi=10.1016%2fj.chemgeo.2020.120056&partnerID=40&md5=1655257c3d0655e7a96afa3dce1b6ae5",Article,"Final","All Open Access, Green",Scopus,2-s2.0-85099498913
"Shen, J.","57217583202;","Phospholipid biomarkers in Mars-analogous soils of the Atacama Desert",2020,"International Journal of Astrobiology","19","6",,"505","514",,1,"10.1017/S1473550420000294","https://www.scopus.com/inward/record.uri?eid=2-s2.0-85095427248&doi=10.1017%2fS1473550420000294&partnerID=40&md5=5b93b48444a8db3a05bb64ab64a1253c",Article,"Final","",Scopus,2-s2.0-85095427248
"Azua-Bustos, A., González-Silva, C., Fernández-Martínez, M.Á., Arenas-Fajardo, C., Fonseca, R., Martín-Torres, F.J., Fernández-Sampedro, M., Fairén, A.G., Zorzano, M.-P.","26038934900;35098616700;55653277100;55641591100;54895907100;6603402408;56293647900;7003799252;35612235000;","Author Correction: Aeolian transport of viable microbial life across the Atacama Desert, Chile: Implications for Mars (Scientific Reports, (2019), 9, 1, (11024), 10.1038/s41598-019-47394-z)",2020,"Scientific Reports","10","1","751","","",,,"10.1038/s41598-020-57444-6","https://www.scopus.com/inward/record.uri?eid=2-s2.0-85077895198&doi=10.1038%2fs41598-020-57444-6&partnerID=40&md5=e9de8ad35b6d5dad7184cf3370641ece",Erratum,"Final","All Open Access, Gold, Green",Scopus,2-s2.0-85077895198
"Shen, J., Smith, A.C., Claire, M.W., Zerkle, A.L.","57217583202;55516291200;8691333500;12244468800;","Unraveling biogeochemical phosphorus dynamics in hyperarid Mars-analogue soils using stable oxygen isotopes in phosphate",2020,"Geobiology","18","6",,"760","779",,6,"10.1111/gbi.12408","https://www.scopus.com/inward/record.uri?eid=2-s2.0-85089573257&doi=10.1111%2fgbi.12408&partnerID=40&md5=256c4a1e4db03099ad3f341b72499252",Article,"Final","All Open Access, Green",Scopus,2-s2.0-85089573257
"Mora, M.F., Kehl, F., Tavares Da Costa, E., Bramall, N., Willis, P.A.","12771521500;26647489000;57219900283;10340627700;7102962686;","Fully Automated Microchip Electrophoresis Analyzer for Potential Life Detection Missions",2020,"Analytical Chemistry","92","19",,"12959","12966",,9,"10.1021/acs.analchem.0c01628","https://www.scopus.com/inward/record.uri?eid=2-s2.0-85095967675&doi=10.1021%2facs.analchem.0c01628&partnerID=40&md5=183d274b054db93f004b607586c05cf0",Article,"Final","",Scopus,2-s2.0-85095967675
"McMillan, M., Schoenbohm, L.M.","57193773546;8148514600;","Large-Scale Cenozoic Wind Erosion in the Puna Plateau: The Salina del Fraile Depression",2020,"Journal of Geophysical Research: Earth Surface","125","9","e2020JF005682","","",,5,"10.1029/2020JF005682","https://www.scopus.com/inward/record.uri?eid=2-s2.0-85091426986&doi=10.1029%2f2020JF005682&partnerID=40&md5=042f831d21517ba009d2fff93d4db456",Article,"Final","All Open Access, Green",Scopus,2-s2.0-85091426986
"Favaro, E.A., Hugenholtz, C.H., Barchyn, T.E., Gough, T.R.","57220367538;8696440600;24461065500;57216732484;","Wind regime, sediment transport, and landscape dynamics at a Mars analogue site in the Andes Mountains of Northwestern Argentina",2020,"Icarus","346",,"113765","","",,8,"10.1016/j.icarus.2020.113765","https://www.scopus.com/inward/record.uri?eid=2-s2.0-85084387833&doi=10.1016%2fj.icarus.2020.113765&partnerID=40&md5=e36fa26fb14c18652e41e50307db51e4",Article,"Final","",Scopus,2-s2.0-85084387833
"Cabré, A., Remy, D., Aguilar, G., Carretier, S., Riquelme, R.","57191497962;7005181463;36624833300;6603118126;56228802300;","Mapping rainstorm erosion associated with an individual storm from InSAR coherence loss validated by field evidence for the Atacama Desert",2020,"Earth Surface Processes and Landforms","45","9",,"2091","2106",,6,"10.1002/esp.4868","https://www.scopus.com/inward/record.uri?eid=2-s2.0-85083970431&doi=10.1002%2fesp.4868&partnerID=40&md5=0e7cd8d134541d59b383842d75597617",Article,"Final","",Scopus,2-s2.0-85083970431
"Kereszturi, Á., Aszalós, J.M., Heiling, Z., Ignéczi, Á., Kapui, Z., Király, C., Leél-Össy, S., Nagy, B., Nemerkényi, Z., Pál, B., Skultéti, Á., Szalai, Z.","55903788800;57189758260;57218843694;55635406500;57202852246;57170169800;8744690000;57189756799;56500643000;57191894967;56050836900;6602857644;","Cold, Dry, Windy, and UV Irradiated: Surveying Mars-Relevant Conditions in Ojos del Salado Volcano (Andes Mountains, Chile)",2020,"Astrobiology","20","6",,"677","683",,8,"10.1089/ast.2019.2165","https://www.scopus.com/inward/record.uri?eid=2-s2.0-85090415494&doi=10.1089%2fast.2019.2165&partnerID=40&md5=d2c77884155d2b90f89af9dfa9b77b19",Review,"Final","All Open Access, Green",Scopus,2-s2.0-85090415494
"Aerts, J.W., Riedo, A., Melton, D.J., Martini, S., Flahaut, J., Meierhenrich, U.J., Meinert, C., Myrgorodska, I., Lindner, R., Ehrenfreund, P.","56392542700;36810227700;57217140056;57217139878;35344842200;7004117605;36106109200;56491226500;57195107754;7005276576;","Biosignature Analysis of Mars Soil Analogs from the Atacama Desert: Challenges and Implications for Future Missions to Mars",2020,"Astrobiology","20","6",,"766","784",,7,"10.1089/ast.2019.2063","https://www.scopus.com/inward/record.uri?eid=2-s2.0-85086420252&doi=10.1089%2fast.2019.2063&partnerID=40&md5=b392280dd55550a01014269ad9f79829",Article,"Final","All Open Access, Green",Scopus,2-s2.0-85086420252
"Huang, W., Ertekin, E., Wang, T., Cruz, L., Dailey, M., DiRuggiero, J., Kisailus, D.","57199043302;55335254700;57214132035;57201260668;57201457371;6602943553;6603487498;","Mechanism of water extraction from gypsum rock by desert colonizing microorganisms",2020,"Proceedings of the National Academy of Sciences of the United States of America","117","20",,"10681","10687",,15,"10.1073/pnas.2001613117","https://www.scopus.com/inward/record.uri?eid=2-s2.0-85084963832&doi=10.1073%2fpnas.2001613117&partnerID=40&md5=a20baa4e9b3849e66c87e8a7c186862f",Article,"Final","All Open Access, Green",Scopus,2-s2.0-85084963832
"D'Orazio, M.","57214669956;","Petrography, geochemistry and classification of ten new iron meteorites from Northwest Africa and Chile",2020,"Periodico di Mineralogia","89","1",,"3","18",,,"10.2451/2020PM855","https://www.scopus.com/inward/record.uri?eid=2-s2.0-85086153470&doi=10.2451%2f2020PM855&partnerID=40&md5=329e7b5066a88b7ad9786cf1ad97780d",Article,"Final","",Scopus,2-s2.0-85086153470
"Bentz, J.L., Peterson, R.C.","57199995364;7403616991;","THE FORMATION OF CLAY MINERALS IN THE MUDFLATS OF BOLIVIAN SALARS",2020,"Clays and Clay Minerals","68","2",,"115","134",,3,"10.1007/s42860-020-00065-x","https://www.scopus.com/inward/record.uri?eid=2-s2.0-85085352184&doi=10.1007%2fs42860-020-00065-x&partnerID=40&md5=4f7784affcf3a9923fe2d00600921f1d",Article,"Final","",Scopus,2-s2.0-85085352184
"Sager, C., Airo, A., Arens, F.L., Rabethge, C., Schulze-Makuch, D.","57211635542;8729907400;57201195255;57211646725;7003451292;","New types of boulder accumulations in the hyper-arid Atacama Desert",2020,"Geomorphology","350",,"106897","","",,7,"10.1016/j.geomorph.2019.106897","https://www.scopus.com/inward/record.uri?eid=2-s2.0-85074687693&doi=10.1016%2fj.geomorph.2019.106897&partnerID=40&md5=a4c766acd01a67a2a2baeea3818a055c",Article,"Final","All Open Access, Hybrid Gold, Green",Scopus,2-s2.0-85074687693
"Kehl, F., Kovarik, N.A., Creamer, J.S., da Costa, E.T., Willis, P.A.","26647489000;57212472620;57195456605;36245793300;7102962686;","A Subcritical Water Extractor Prototype for Potential Astrobiology Spaceflight Missions",2019,"Earth and Space Science","6","12",,"2443","2460",,4,"10.1029/2019EA000803","https://www.scopus.com/inward/record.uri?eid=2-s2.0-85076741544&doi=10.1029%2f2019EA000803&partnerID=40&md5=ecc250d4cd761d2c7b65a2afad7e6744",Article,"Final","All Open Access, Gold",Scopus,2-s2.0-85076741544
"Shen, J., Zerkle, A.L., Stueeken, E., Claire, M.W.","57217583202;12244468800;57190159267;8691333500;","Nitrates as a potential N supply for microbial ecosystems in a hyperarid mars analog system",2019,"Life","9","4","79","","",,6,"10.3390/life9040079","https://www.scopus.com/inward/record.uri?eid=2-s2.0-85074509345&doi=10.3390%2flife9040079&partnerID=40&md5=bbf9fac474ecc3c468c6ad0542d32ca6",Article,"Final","All Open Access, Gold, Green",Scopus,2-s2.0-85074509345
"Azua-Bustos, A., González-Silva, C., Fernández-Martínez, M.Á., Arenas-Fajardo, C., Fonseca, R., Martín-Torres, F.J., Fernández-Sampedro, M., Fairén, A.G., Zorzano, M.-P.","26038934900;35098616700;55653277100;55641591100;54895907100;6603402408;56293647900;7003799252;35612235000;","Aeolian transport of viable microbial life across the Atacama Desert, Chile: Implications for Mars",2019,"Scientific Reports","9","1","11024","","",,13,"10.1038/s41598-019-47394-z","https://www.scopus.com/inward/record.uri?eid=2-s2.0-85071189771&doi=10.1038%2fs41598-019-47394-z&partnerID=40&md5=c2ea0277ff5e5520cbf04ed129ca49a8",Article,"Final","All Open Access, Gold, Green",Scopus,2-s2.0-85071189771
"Li, J., Wang, F., Michalski, G., Wilkins, B.","56261245900;55957855600;57205981224;57201555730;","Atmospheric deposition across the Atacama Desert, Chile: Compositions, source distributions, and interannual comparisons",2019,"Chemical Geology","525",,,"435","446",,9,"10.1016/j.chemgeo.2019.07.037","https://www.scopus.com/inward/record.uri?eid=2-s2.0-85070578261&doi=10.1016%2fj.chemgeo.2019.07.037&partnerID=40&md5=ef2156704d3cd767e4b26b1a26727309",Article,"Final","All Open Access, Bronze",Scopus,2-s2.0-85070578261
"Mörchen, R., Lehndorff, E., Diaz, F.A., Moradi, G., Bol, R., Fuentes, B., Klumpp, E., Amelung, W.","57210392664;6506255250;57216261454;57210666820;7006657494;36658198000;55933282800;7004440199;","Carbon accrual in the Atacama Desert",2019,"Global and Planetary Change","181",,"102993","","",,20,"10.1016/j.gloplacha.2019.102993","https://www.scopus.com/inward/record.uri?eid=2-s2.0-85070559962&doi=10.1016%2fj.gloplacha.2019.102993&partnerID=40&md5=0046eccd2f349eeb739b416394666ad8",Article,"Final","",Scopus,2-s2.0-85070559962
"Bhardwaj, A., Sam, L., Martín-Torres, F.J., Zorzano, M.-P., Luque, J.A.R.","55366249600;56487482100;6603402408;35612235000;57225709894;","UAV imaging of a martian brine analogue environment in a fluvio-aeolian setting",2019,"Remote Sensing","11","18","2104","","",,4,"10.3390/rs11182104","https://www.scopus.com/inward/record.uri?eid=2-s2.0-85072630275&doi=10.3390%2frs11182104&partnerID=40&md5=1863a0fb5c24fb1a879aa0aa5a6d4b6b",Article,"Final","All Open Access, Gold, Green",Scopus,2-s2.0-85072630275
"Torre, G., Gaiero, D.M., Sawakuchi, A.O., Río, I.D., Coppo, R.","57208511374;6603319314;15840884400;57113284300;57208510143;","Revisiting the chronology and environmental conditions for the accretion of late Pleistocene-early Holocene Pampean loess (Argentina)",2019,"Quaternary Science Reviews","213",,,"105","119",,6,"10.1016/j.quascirev.2019.04.018","https://www.scopus.com/inward/record.uri?eid=2-s2.0-85064995541&doi=10.1016%2fj.quascirev.2019.04.018&partnerID=40&md5=2d88ba6dae2558802562e07355cb8c43",Article,"Final","",Scopus,2-s2.0-85064995541
"Cubillos, C.F., Paredes, A., Yáñez, C., Palma, J., Severino, E., Vejar, D., Grágeda, M., Dorador, C.","57205189954;7005893042;57194325441;57204180564;57209852996;36976404500;12800360600;23666723800;","Insights into the microbiology of the chaotropic brines of Salar de Atacama, Chile",2019,"Frontiers in Microbiology","10",,"1611","","",,3,"10.3389/fmicb.2019.01611","https://www.scopus.com/inward/record.uri?eid=2-s2.0-85068908204&doi=10.3389%2ffmicb.2019.01611&partnerID=40&md5=3981609f4498eb5a39ef62c91dba36ee",Article,"Final","All Open Access, Gold, Green",Scopus,2-s2.0-85068908204
"Parro, V., Puente-Sánchez, F., Cabrol, N.A., Gallardo-Carreño, I., Moreno-Paz, M., Blanco, Y., García-Villadangos, M., Tambley, C., Tilot, V.C., Thompson, C., Smith, E., Sobrón, P., Demergasso, C.S., Echeverría-Vega, A., Fernández-Martínez, M.A., Whyte, L.G., Fairén, A.G.","6701611493;55927881600;8941957900;57188429200;7801549655;8974332400;23984700500;36156166100;24332944700;7404237941;57209688640;21740289300;35228899200;35228962200;55653277100;7005802569;7003799252;","Microbiology and nitrogen cycle in the benthic sediments of a glacial oligotrophic deep andean lake as analog of ancient martian lake-beds",2019,"Frontiers in Microbiology","10","MAY","929","","",,7,"10.3389/fmicb.2019.00929","https://www.scopus.com/inward/record.uri?eid=2-s2.0-85068437314&doi=10.3389%2ffmicb.2019.00929&partnerID=40&md5=de898dfefb541ef965f67ca990281215",Article,"Final","All Open Access, Gold, Green",Scopus,2-s2.0-85068437314
"Drouard, A., Gattacceca, J., Hutzler, A., Rochette, P., Braucher, R., Bourlès, D., Gounelle, M., Morbidelli, A., Debaille, V., Van Ginneken, M., Valenzuela, M., Quesnel, Y., Martinez, R., Aumaître, G., Keddadouche, K.","57193693994;6603540166;55382242200;7006811225;6602165786;7004693622;55883197300;7006177504;6505542271;24340144900;57197676669;25648503600;57139506500;23491271100;24066670700;","The meteorite flux of the past 2 m.y. Recorded in the Atacama Desert",2019,"Geology","47","7",,"673","676",,13,"10.1130/G45831.1","https://www.scopus.com/inward/record.uri?eid=2-s2.0-85068087099&doi=10.1130%2fG45831.1&partnerID=40&md5=75e1c3016f6175b55cdcd3e175f928c8",Article,"Final","All Open Access, Green",Scopus,2-s2.0-85068087099
"Pourkhorsandi, H., Gattacceca, J., Rochette, P., D'Orazio, M., Kamali, H., de Avillez, R., Letichevsky, S., Djamali, M., Mirnejad, H., Debaille, V., Jull, A.J.T.","56850503100;6603540166;7006811225;57214669956;57209096662;35588153700;8385803800;14044985200;24471998400;6505542271;7005603161;","Meteorites from the Lut Desert (Iran)",2019,"Meteoritics and Planetary Science","54","8",,"1737","1763",,12,"10.1111/maps.13311","https://www.scopus.com/inward/record.uri?eid=2-s2.0-85066486527&doi=10.1111%2fmaps.13311&partnerID=40&md5=25a21d9f8b3348637c79eede4fc59477",Article,"Final","All Open Access, Green",Scopus,2-s2.0-85066486527
"Pfeiffer, M., Latorre, C., Gayo, E., Amundson, R.","57203628605;7005764439;23392571300;7005994343;","Rare calcium chloride-rich soil and implications for the existence of liquid water in a hyperarid environment",2019,"Geology","47","2",,"163","166",,6,"10.1130/G45642.1","https://www.scopus.com/inward/record.uri?eid=2-s2.0-85060433195&doi=10.1130%2fG45642.1&partnerID=40&md5=ad4de671973d502ab4b33d094b18c520",Article,"Final","",Scopus,2-s2.0-85060433195
"Pulschen, A.A., Araujo, G.G., Souza Ramos de Carvalho, A.C., Cerini, M.F., Fonseca, L.M., Galante, D., Rodrigues, F.","55918079700;56770867900;57204919126;57204670398;57204677803;16318631900;16029720800;","Survival of extremophilic yeasts in the stratospheric environment during balloon flights and in laboratory simulations",2018,"Applied and Environmental Microbiology","84","23","e01942-18","","",,12,"10.1128/AEM.01942-18","https://www.scopus.com/inward/record.uri?eid=2-s2.0-85056659941&doi=10.1128%2fAEM.01942-18&partnerID=40&md5=0b8cec585fed31cb5e348cbae95a4f27",Article,"Final","All Open Access, Hybrid Gold, Green",Scopus,2-s2.0-85056659941
"Oberlin, E.A., Claire, M.W., Kounaves, S.P.","57201200596;8691333500;7004018919;","Evaluation of the Tindouf Basin Region in Southern Morocco as an Analogue Site for Soil Geochemistry on Noachian Mars",2018,"Astrobiology","18","10",,"1318","1328",,6,"10.1089/ast.2016.1557","https://www.scopus.com/inward/record.uri?eid=2-s2.0-85054896084&doi=10.1089%2fast.2016.1557&partnerID=40&md5=164857c3ba18c98119922ab595d6eb37",Article,"Final","All Open Access, Green",Scopus,2-s2.0-85054896084
"Sánchez-García, L., Aeppli, C., Parro, V., Fernández-Remolar, D., García-Villadangos, M., Chong-Diaz, G., Blanco, Y., Carrizo, D.","24476712900;23388713700;6701611493;6603201886;23984700500;55340362300;8974332400;12775412700;","Molecular biomarkers in the subsurface of the Salar Grande (Atacama, Chile) evaporitic deposits",2018,"Biogeochemistry","140","1",,"31","52",,16,"10.1007/s10533-018-0477-3","https://www.scopus.com/inward/record.uri?eid=2-s2.0-85051862646&doi=10.1007%2fs10533-018-0477-3&partnerID=40&md5=6f8846eea172de02e55d72cf65329542",Article,"Final","All Open Access, Hybrid Gold",Scopus,2-s2.0-85051862646
"Bull, A.T., Andrews, B.A., Dorador, C., Goodfellow, M.","24538530400;35556534100;23666723800;7102073615;","Introducing the Atacama Desert",2018,"Antonie van Leeuwenhoek, International Journal of General and Molecular Microbiology","111","8",,"1269","1272",,14,"10.1007/s10482-018-1100-2","https://www.scopus.com/inward/record.uri?eid=2-s2.0-85047379722&doi=10.1007%2fs10482-018-1100-2&partnerID=40&md5=a812fd0694b7231155193e1ae310461c",Editorial,"Final","All Open Access, Green",Scopus,2-s2.0-85047379722
"Schmidt, S.K., Gendron, E.M.S., Vincent, K., Solon, A.J., Sommers, P., Schubert, Z.R., Vimercati, L., Porazinska, D.L., Darcy, J.L., Sowell, P.","7401845551;57194836532;56196408500;57194834932;57189743335;57189757791;57189756736;6602136291;50661083200;15766106500;","Life at extreme elevations on Atacama volcanoes: the closest thing to Mars on Earth?",2018,"Antonie van Leeuwenhoek, International Journal of General and Molecular Microbiology","111","8",,"1389","1401",,15,"10.1007/s10482-018-1066-0","https://www.scopus.com/inward/record.uri?eid=2-s2.0-85046032126&doi=10.1007%2fs10482-018-1066-0&partnerID=40&md5=876454410aac119fe75bec332c20045e",Review,"Final","",Scopus,2-s2.0-85046032126
"Santiago, I.F., Gonçalves, V.N., Gómez-Silva, B., Galetovic, A., Rosa, L.H.","36461727000;36150723900;6506160677;6602079835;9335988300;","Fungal diversity in the Atacama Desert",2018,"Antonie van Leeuwenhoek, International Journal of General and Molecular Microbiology","111","8",,"1345","1360",,20,"10.1007/s10482-018-1060-6","https://www.scopus.com/inward/record.uri?eid=2-s2.0-85042927285&doi=10.1007%2fs10482-018-1060-6&partnerID=40&md5=96ac7dfe1d93bd21e76f11ba2ef07be5",Review,"Final","",Scopus,2-s2.0-85042927285
"Rateb, M.E., Ebel, R., Jaspars, M.","16317169000;7005478667;7004315571;","Natural product diversity of actinobacteria in the Atacama Desert",2018,"Antonie van Leeuwenhoek, International Journal of General and Molecular Microbiology","111","8",,"1467","1477",,24,"10.1007/s10482-018-1030-z","https://www.scopus.com/inward/record.uri?eid=2-s2.0-85042073015&doi=10.1007%2fs10482-018-1030-z&partnerID=40&md5=39a59d0e72e6ee9dfe934707fc4d3de7",Review,"Final","All Open Access, Hybrid Gold, Green",Scopus,2-s2.0-85042073015
"Solon, A.J., Vimercati, L., Darcy, J.L., Arán, P., Porazinska, D., Dorador, C., Farías, M.E., Schmidt, S.K.","57194834932;57189756736;50661083200;57194828495;6602136291;23666723800;35576859500;7401845551;","Microbial Communities of High-Elevation Fumaroles, Penitentes, and Dry Tephra “Soils” of the Puna de Atacama Volcanic Zone",2018,"Microbial Ecology","76","2",,"340","351",,20,"10.1007/s00248-017-1129-1","https://www.scopus.com/inward/record.uri?eid=2-s2.0-85040092225&doi=10.1007%2fs00248-017-1129-1&partnerID=40&md5=3b710ccdc287a9ba298df23c8fe4c8a5",Article,"Final","",Scopus,2-s2.0-85040092225
"Wilhelm, M.B., Davila, A.F., Parenteau, M.N., Jahnke, L.L., Abate, M., Cooper, G., Kelly, E.T., Parro García, V., Villadangos, M.G., Blanco, Y., Glass, B., Wray, J.J., Eigenbrode, J.L., Summons, R.E., Warren-Rhodes, K.","54586390400;7006340868;6701515357;7003895946;57203131624;7402356488;57232496200;6701611493;57203132977;8974332400;35607020600;21935436700;6506461928;7006569318;6507272414;","Constraints on the metabolic activity of microorganisms in atacama surface soils inferred from refractory biomarkers: Implications for martian habitability and biomarker detection",2018,"Astrobiology","18","7",,"955","966",,8,"10.1089/ast.2017.1705","https://www.scopus.com/inward/record.uri?eid=2-s2.0-85050604345&doi=10.1089%2fast.2017.1705&partnerID=40&md5=9f8892680b60226e106e5d8b6b204974",Article,"Final","All Open Access, Green",Scopus,2-s2.0-85050604345
"Amundson, R.","7005994343;","Meteoric water alteration of soil and landscapes at Meridiani Planum, Mars",2018,"Earth and Planetary Science Letters","488",,,"155","167",,4,"10.1016/j.epsl.2018.02.012","https://www.scopus.com/inward/record.uri?eid=2-s2.0-85042677046&doi=10.1016%2fj.epsl.2018.02.012&partnerID=40&md5=79b83c7f0fa97427ff91ecfdf0ab04f4",Article,"Final","",Scopus,2-s2.0-85042677046
"Wang, F., Bowen, B.B., Seo, J.-H., Michalski, G.","55957855600;8550801500;56114603800;57205981224;","Laboratory and field characterization of visible to near-infrared spectral reflectance of nitrate minerals from the Atacama Desert, Chile, and implications for Mars",2018,"American Mineralogist","103","2",,"197","206",,7,"10.2138/am-2018-6141","https://www.scopus.com/inward/record.uri?eid=2-s2.0-85041945794&doi=10.2138%2fam-2018-6141&partnerID=40&md5=cafe055b0afe05bf6d7577ba88c02d3d",Article,"Final","",Scopus,2-s2.0-85041945794
"Jia, X., Gu, W., Li, Y.J., Cheng, P., Tang, Y., Guo, L., Wang, X., Tang, M.","57195996430;57196000723;25031903300;55265032900;57201186800;57201187084;7501863198;35735226500;","Phase Transitions and Hygroscopic Growth of Mg(ClO4)2, NaClO4, and NaClO4·H2O: Implications for the Stability of Aqueous Water in Hyperarid Environments on Mars and on Earth",2018,"ACS Earth and Space Chemistry","2","2",,"159","167",,12,"10.1021/acsearthspacechem.7b00143","https://www.scopus.com/inward/record.uri?eid=2-s2.0-85043687513&doi=10.1021%2facsearthspacechem.7b00143&partnerID=40&md5=23f35ba41a7809e11acab68af6f4e543",Article,"Final","",Scopus,2-s2.0-85043687513
"Brown, A.E., Winterburn, P.A., Bissig, T.","55482921900;57189972390;6603249897;","Identification of the expression of earthquake-induced surface flooding by groundwater using detailed regolith mapping at the buried atlántida deposit, northern Chile",2018,"Geochemistry: Exploration, Environment, Analysis","19","4",,"474","486",,3,"10.1144/geochem2018-064","https://www.scopus.com/inward/record.uri?eid=2-s2.0-85069698358&doi=10.1144%2fgeochem2018-064&partnerID=40&md5=698b44069a6f5ca41f2c014170319ae1",Article,"Final","All Open Access, Hybrid Gold",Scopus,2-s2.0-85069698358
"Brown, A.E., Winterburn, P.A., Bissig, T.","55482921900;57189972390;6603249897;","Geochemical signature of earthquake-induced surface flooding by mineralized groundwater over the buried atlántida deposit, northern Chile",2018,"Geochemistry: Exploration, Environment, Analysis","19","4",,"487","500",,2,"10.1144/geochem2018-065","https://www.scopus.com/inward/record.uri?eid=2-s2.0-85069642013&doi=10.1144%2fgeochem2018-065&partnerID=40&md5=602eee60238ab361584e6874481ffbbb",Article,"Final","All Open Access, Hybrid Gold",Scopus,2-s2.0-85069642013
"Melchiorre, E.B., Sickman, J.O., Talyn, B.C., Noblet, J.","57204232129;6603630816;6506484406;7005548815;","Isotope stratigraphy: Insights on paleoclimate and formation of nitrate deposits in the Atacama Desert, Chile",2018,"Journal of Arid Environments","148",,,"45","53",,12,"10.1016/j.jaridenv.2017.09.013","https://www.scopus.com/inward/record.uri?eid=2-s2.0-85030657586&doi=10.1016%2fj.jaridenv.2017.09.013&partnerID=40&md5=3ad6af32566fee6c9e81f55bc27b5fd7",Article,"Final","",Scopus,2-s2.0-85030657586
"Idris, H., Goodfellow, M., Sanderson, R., Asenjo, J.A., Bull, A.T.","57193224989;7102073615;7102878427;56908691200;24538530400;","Actinobacterial Rare Biospheres and Dark Matter Revealed in Habitats of the Chilean Atacama Desert",2017,"Scientific Reports","7","1","8373","","",,40,"10.1038/s41598-017-08937-4","https://www.scopus.com/inward/record.uri?eid=2-s2.0-85027896090&doi=10.1038%2fs41598-017-08937-4&partnerID=40&md5=dd2e06ad5fbdf216a426b6db745624b0",Article,"Final","All Open Access, Gold, Green",Scopus,2-s2.0-85027896090
"Favaro, E.A., Hugenholtz, C.H., Barchyn, T.E.","57220367538;8696440600;24461065500;","Evolution and diagnostic utility of aeolian rat-tails: A new type of abrasion feature on Earth and Mars",2017,"Aeolian Research","28",,,"91","98",,2,"10.1016/j.aeolia.2017.08.004","https://www.scopus.com/inward/record.uri?eid=2-s2.0-85027731505&doi=10.1016%2fj.aeolia.2017.08.004&partnerID=40&md5=51bc1477afc53a377b53adf6d398aac5",Article,"Final","",Scopus,2-s2.0-85027731505
"Pourkhorsandi, H., D'Orazio, M., Rochette, P., Valenzuela, M., Gattacceca, J., Mirnejad, H., Sutter, B., Hutzler, A., Aboulahris, M.","56850503100;57214669956;7006811225;57197676669;6603540166;24471998400;7004859335;55382242200;57194433936;","Modification of REE distribution of ordinary chondrites from Atacama (Chile) and Lut (Iran) hot deserts: Insights into the chemical weathering of meteorites",2017,"Meteoritics and Planetary Science","52","9",,"1843","1858",,13,"10.1111/maps.12894","https://www.scopus.com/inward/record.uri?eid=2-s2.0-85020127385&doi=10.1111%2fmaps.12894&partnerID=40&md5=c52a9216fd8ae334d408d6101b9d39ee",Article,"Final","",Scopus,2-s2.0-85020127385
"Schmidt, S.K., Vimercati, L., Darcy, J.L., Arán, P., Gendron, E.M.S., Solon, A.J., Porazinska, D., Dorador, C.","7401845551;57189756736;50661083200;57194828495;57194836532;57194834932;6602136291;23666723800;","A Naganishia in high places: functioning populations or dormant cells from the atmosphere?",2017,"Mycology","8","3",,"153","163",,27,"10.1080/21501203.2017.1344154","https://www.scopus.com/inward/record.uri?eid=2-s2.0-85023193597&doi=10.1080%2f21501203.2017.1344154&partnerID=40&md5=321c59de9358c78c500703f74f391f60",Review,"Final","All Open Access, Gold, Green",Scopus,2-s2.0-85023193597
"Azua-Bustos, A., González-Silva, C., Corsini, G.","26038934900;35098616700;36920344400;","The hyperarid core of the Atacama Desert, an extremely dry and carbon deprived habitat of potential interest for the field of carbon science",2017,"Frontiers in Microbiology","8","JUN","993","","",,8,"10.3389/fmicb.2017.00993","https://www.scopus.com/inward/record.uri?eid=2-s2.0-85020621668&doi=10.3389%2ffmicb.2017.00993&partnerID=40&md5=ff74d14455c2969aa232270eda6d80e8",Article,"Final","All Open Access, Gold, Green",Scopus,2-s2.0-85020621668
"Ventra, D., Rodríguez-López, J.P., de Boer, P.L.","35320703200;14625684200;7102270585;","Sedimentology and preservation of aeolian sediments on steep terrains: Incipient sand ramps on the Atacama coast (northern Chile)",2017,"Geomorphology","285",,,"162","185",,7,"10.1016/j.geomorph.2017.02.016","https://www.scopus.com/inward/record.uri?eid=2-s2.0-85014039066&doi=10.1016%2fj.geomorph.2017.02.016&partnerID=40&md5=bf94754c64d1a15b27b01d2d95d841ac",Article,"Final","",Scopus,2-s2.0-85014039066
"Flahaut, J., Martinot, M., Bishop, J.L., Davies, G.R., Potts, N.J.","35344842200;57191895851;56048129300;57191899684;56617756200;","Remote sensing and in situ mineralogic survey of the Chilean salars: An analog to Mars evaporate deposits?",2017,"Icarus","282",,,"152","173",,23,"10.1016/j.icarus.2016.09.041","https://www.scopus.com/inward/record.uri?eid=2-s2.0-84994680495&doi=10.1016%2fj.icarus.2016.09.041&partnerID=40&md5=280ffcc573446f988b084b1e57fb8672",Article,"Final","All Open Access, Bronze",Scopus,2-s2.0-84994680495
"De Waele, J., Carbone, C., Sanna, L., Vattano, M., Galli, E., Sauro, F., Forti, P.","57204948482;23979213400;35783504100;39462227000;7102190910;54987501300;7003866910;","Secondary minerals from salt caves in the Atacama Desert (Chile): A hyperarid and hypersaline environment with potential analogies to the Martian subsurface",2017,"International Journal of Speleology","46","1",,"51","66",,14,"10.5038/1827-806X.46.1.2094","https://www.scopus.com/inward/record.uri?eid=2-s2.0-85011977283&doi=10.5038%2f1827-806X.46.1.2094&partnerID=40&md5=36bfffc749124e1da85fbcccee2ecc27",Article,"Final","All Open Access, Gold, Green",Scopus,2-s2.0-85011977283
"Wilhelm, M.B., Davila, A.F., Eigenbrode, J.L., Parenteau, M.N., Jahnke, L.L., Liu, X.-L., Summons, R.E., Wray, J.J., Stamos, B.N., O'Reilly, S.S., Williams, A.","54586390400;7006340868;6506461928;6701515357;7003895946;36015650400;7006569318;21935436700;55151131600;57200085185;35199125800;","Xeropreservation of functionalized lipid biomarkers in hyperarid soils in the Atacama Desert",2017,"Organic Geochemistry","103",,,"97","104",,21,"10.1016/j.orggeochem.2016.10.015","https://www.scopus.com/inward/record.uri?eid=2-s2.0-85004107265&doi=10.1016%2fj.orggeochem.2016.10.015&partnerID=40&md5=feb021e3eac16d42d31d455f8a1a3a85",Article,"Final","All Open Access, Bronze, Green",Scopus,2-s2.0-85004107265
"Retallack, G.J., Krinsley, D.H., Fischer, R., Razink, J.J., Langworthy, K.A.","7005630111;7003853881;57217400787;18838039500;24166603700;","Archean coastal-plain paleosols and life on land",2016,"Gondwana Research","40",,,"1","20",,25,"10.1016/j.gr.2016.08.003","https://www.scopus.com/inward/record.uri?eid=2-s2.0-84996542253&doi=10.1016%2fj.gr.2016.08.003&partnerID=40&md5=34894dfb5a740ed50e7c05f107ab9c87",Article,"Final","All Open Access, Bronze",Scopus,2-s2.0-84996542253
"Lybrand, R.A., Bockheim, J.G., Ge, W., Graham, R.C., Hlohowskyj, S.R., Michalski, G., Prellwitz, J.S., Rech, J.A., Wang, F., Parker, D.R.","37072909900;7006131392;57220917162;7401483521;57191832892;57205981224;57191822900;7003316537;55957855600;7403382287;","Nitrate, perchlorate, and iodate co-occur in coastal and inland deserts on Earth",2016,"Chemical Geology","442",,,"174","186",,24,"10.1016/j.chemgeo.2016.05.023","https://www.scopus.com/inward/record.uri?eid=2-s2.0-84994037070&doi=10.1016%2fj.chemgeo.2016.05.023&partnerID=40&md5=9b3ce7c18b9ba83a7c44936643c10992",Article,"Final","",Scopus,2-s2.0-84994037070
"Wilcox, A.C., Escauriaza, C., Agredano, R., Mignot, E., Zuazo, V., Otárola, S., Castro, L., Gironás, J., Cienfuegos, R., Mao, L.","7102336118;16303502900;57190580035;7102159082;56385935100;57190583186;55329133700;24449917300;14047837000;7202629589;","An integrated analysis of the March 2015 Atacama floods",2016,"Geophysical Research Letters","43","15",,"8035","8043",,61,"10.1002/2016GL069751","https://www.scopus.com/inward/record.uri?eid=2-s2.0-84981308199&doi=10.1002%2f2016GL069751&partnerID=40&md5=26e3fe697388c87344c0f9757a9fe448",Article,"Final","All Open Access, Green",Scopus,2-s2.0-84981308199
"Kukulak, J., Paulo, A., Kalicki, T.","6602784673;7003821509;6603946981;","Lithology of lacustrine deposits in the Colca Valley",2016,"Journal of South American Earth Sciences","69",,,"152","170",,7,"10.1016/j.jsames.2016.03.008","https://www.scopus.com/inward/record.uri?eid=2-s2.0-85032102551&doi=10.1016%2fj.jsames.2016.03.008&partnerID=40&md5=dbefc5064ad615cf0623de7bbd69faca",Article,"Final","",Scopus,2-s2.0-85032102551
"Cheng, Z.Y., Fernández-Remolar, D.C., Izawa, M.R.M., Applin, D.M., Chong Díaz, M., Fernandez-Sampedro, M., García-Villadangos, M., Huang, T., Xiao, L., Parro, V.","57190169105;6603201886;36570569000;55574693700;57190174433;56293647900;23984700500;57190170952;7202695874;6701611493;","Oxalate formation under the hyperarid conditions of the Atacama desert as a mineral marker to provide clues to the source of organic carbon on Mars",2016,"Journal of Geophysical Research: Biogeosciences","121","6",,"1593","1604",,11,"10.1002/2016JG003439","https://www.scopus.com/inward/record.uri?eid=2-s2.0-84978066411&doi=10.1002%2f2016JG003439&partnerID=40&md5=00b7af891942a823756ade5a27cd097a",Article,"Final","All Open Access, Green",Scopus,2-s2.0-84978066411
"Vítek, P., Ascaso, C., Artieda, O., Wierzchos, J.","36351336400;7005936696;6503931106;7003681791;","Raman imaging in geomicrobiology: endolithic phototrophic microorganisms in gypsum from the extreme sun irradiation area in the Atacama Desert",2016,"Analytical and Bioanalytical Chemistry","408","15",,"4083","4092",,20,"10.1007/s00216-016-9497-9","https://www.scopus.com/inward/record.uri?eid=2-s2.0-84964027457&doi=10.1007%2fs00216-016-9497-9&partnerID=40&md5=7e8d8768331be9d7c767501e9633ea06",Article,"Final","",Scopus,2-s2.0-84964027457
"Lorenz, R.D., Radebaugh, J.","7402095346;6602512004;","Dust devils in thin air: Vortex observations at a high-elevation Mars analog site in the Argentinian Puna",2016,"Geophysical Research Letters","43","8",,"4010","4016",,9,"10.1002/2015GL067412","https://www.scopus.com/inward/record.uri?eid=2-s2.0-84968764894&doi=10.1002%2f2015GL067412&partnerID=40&md5=e69e254f189c501ff26b44a661688d5f",Article,"Final","All Open Access, Bronze",Scopus,2-s2.0-84968764894
"Hutzler, A., Gattacceca, J., Rochette, P., Braucher, R., Carro, B., Christensen, E.J., Cournede, C., Gounelle, M., Laridhi Ouazaa, N., Martinez, R., Valenzuela, M., Warner, M., Bourles, D.","55382242200;6603540166;7006811225;6602165786;57140308000;56676888800;55204854800;55883197300;6507898592;57139506500;57197676669;57139698000;7004693622;","Description of a very dense meteorite collection area in western Atacama: Insight into the long-term composition of the meteorite flux to Earth",2016,"Meteoritics and Planetary Science","51","3",,"468","482",,18,"10.1111/maps.12607","https://www.scopus.com/inward/record.uri?eid=2-s2.0-84960094369&doi=10.1111%2fmaps.12607&partnerID=40&md5=14dd4304ea552c50ab25f8d9aa1e10ad",Article,"Final","All Open Access, Green",Scopus,2-s2.0-84960094369
"Zimbelman, J.R., Scheidt, S.P., de Silva, S.L., Bridges, N.T., Spagnuolo, M.G., Neely, E.M.","7004254019;36816844100;35587937400;7006033014;20436587200;56797938600;","Aerodynamic roughness height for gravel-mantled megaripples, with implications for wind profiles near TARs on Mars",2016,"Icarus","266",,,"306","314",,6,"10.1016/j.icarus.2015.11.008","https://www.scopus.com/inward/record.uri?eid=2-s2.0-84952049031&doi=10.1016%2fj.icarus.2015.11.008&partnerID=40&md5=3050de8094a6a511e4a4a816da31031e",Article,"Final","",Scopus,2-s2.0-84952049031
"Norton, K.P., Schlunegger, F., Litty, C.","15756031100;6603813465;57038841100;","On the potential for regolith control of fluvial terrace formation in semi-Arid escarpments",2016,"Earth Surface Dynamics","4","1",,"147","157",,10,"10.5194/esurf-4-147-2016","https://www.scopus.com/inward/record.uri?eid=2-s2.0-84957804368&doi=10.5194%2fesurf-4-147-2016&partnerID=40&md5=bdbd47cb017bc39c1660e6b6e4c6bc65",Article,"Final","All Open Access, Gold, Green",Scopus,2-s2.0-84957804368
"Tricallotis, H.H.","25030813100;","The chin adornment of the highland lords as a symbol of historical continuity and ethnic emblem in the southern andes (500-1600 AD)",2016,"Chungara","48","3",,"365","382",,5,"10.4067/S0717-73562016005000025","https://www.scopus.com/inward/record.uri?eid=2-s2.0-84994018421&doi=10.4067%2fS0717-73562016005000025&partnerID=40&md5=b2a54000f92b842c6f34841988506149",Article,"Final","All Open Access, Gold, Green",Scopus,2-s2.0-84994018421
"Valdivia-Silva, J.E., Karouia, F., Navarro-Gonzalez, R., McKay, C.","26323939900;8522310000;7003446002;7101952183;","Microorganisms, organic carbon, and their relationship with oxidant activity in hyper-arid mars-like soils: Implications for soil habitability",2016,"Palaios","31","1",,"1","9",,4,"10.2110/palo.2015.010","https://www.scopus.com/inward/record.uri?eid=2-s2.0-84958166577&doi=10.2110%2fpalo.2015.010&partnerID=40&md5=e0402de3872d744fa8b543a707cbc8ec",Article,"Final","",Scopus,2-s2.0-84958166577
"Wei, J., Wang, A., Lambert, J.L., Wettergreen, D., Cabrol, N., Warren-Rhodes, K., Zacny, K.","56510657100;7404619909;7401837157;6701392772;8941957900;6507272414;12783479800;","Autonomous soil analysis by the Mars Micro-beam Raman Spectrometer (MMRS) on-board a rover in the Atacama Desert: A terrestrial test for planetary exploration",2015,"Journal of Raman Spectroscopy","46","10",,"810","821",,25,"10.1002/jrs.4656","https://www.scopus.com/inward/record.uri?eid=2-s2.0-84944354051&doi=10.1002%2fjrs.4656&partnerID=40&md5=06063904789fc93759ea95d145b93662",Article,"Final","",Scopus,2-s2.0-84944354051
"Hugenholtz, C.H., Barchyn, T.E., Favaro, E.A.","8696440600;24461065500;57220367538;","Formation of periodic bedrock ridges on Earth",2015,"Aeolian Research","18",,,"135","144",,24,"10.1016/j.aeolia.2015.07.002","https://www.scopus.com/inward/record.uri?eid=2-s2.0-84938883451&doi=10.1016%2fj.aeolia.2015.07.002&partnerID=40&md5=ba14677610f28344fc7ee4e76de60a07",Article,"Final","",Scopus,2-s2.0-84938883451
"Pulschen, A.A., Rodrigues, F., Duarte, R.T.D., Araujo, G.G., Santiago, I.F., Paulino-Lima, I.G., Rosa, C.A., Kato, M.J., Pellizari, V.H., Galante, D.","55918079700;16029720800;55043669800;56770867900;36461727000;36242002000;55552784400;7406306098;6506877129;16318631900;","UV-resistant yeasts isolated from a high-altitude volcanic area on the Atacama Desert as eukaryotic models for astrobiology",2015,"MicrobiologyOpen","4","4",,"574","588",,27,"10.1002/mbo3.262","https://www.scopus.com/inward/record.uri?eid=2-s2.0-84938920098&doi=10.1002%2fmbo3.262&partnerID=40&md5=f8f16bcb334ef2ffd2b10859c66ebc61",Article,"Final","All Open Access, Gold, Green",Scopus,2-s2.0-84938920098
"Bridges, N.T., Spagnuolo, M.G., de Silva, S.L., Zimbelman, J.R., Neely, E.M.","7006033014;20436587200;35587937400;7004254019;56797938600;","Formation of gravel-mantled megaripples on Earth and Mars: Insights from the Argentinean Puna and wind tunnel experiments",2015,"Aeolian Research","17",,,"49","60",,25,"10.1016/j.aeolia.2015.01.007","https://www.scopus.com/inward/record.uri?eid=2-s2.0-84938840057&doi=10.1016%2fj.aeolia.2015.01.007&partnerID=40&md5=499a0b28ec07f956c4d4c8c4c170b973",Article,"Final","",Scopus,2-s2.0-84938840057
"Azua-Bustos, A., Caro-Lara, L., Vicuña, R.","26038934900;56534227400;7005907711;","Discovery and microbial content of the driest site of the hyperarid Atacama Desert, Chile",2015,"Environmental Microbiology Reports","7","3",,"388","394",,54,"10.1111/1758-2229.12261","https://www.scopus.com/inward/record.uri?eid=2-s2.0-84929295520&doi=10.1111%2f1758-2229.12261&partnerID=40&md5=f93d53a3e5d6eafdd4b758c0df9f059b",Article,"Final","",Scopus,2-s2.0-84929295520
"Fenton, L.K., Michaels, T.I., Chojnacki, M.","57204251711;7003436398;14013143200;","Late Amazonian aeolian features, gradation, wind regimes, and Sediment State in the Vicinity of the Mars Exploration Rover Opportunity, Meridiani Planum, Mars",2015,"Aeolian Research","16",,,"75","99",,28,"10.1016/j.aeolia.2014.11.004","https://www.scopus.com/inward/record.uri?eid=2-s2.0-84917708679&doi=10.1016%2fj.aeolia.2014.11.004&partnerID=40&md5=20aa798831fc7afdccf4efe09ac904e5",Article,"Final","",Scopus,2-s2.0-84917708679
"Jackson, W.A., Böhlke, J.K., Andraski, B.J., Fahlquist, L., Bexfield, L., Eckardt, F.D., Gates, J.B., Davila, A.F., McKay, C.P., Rao, B., Sevanthi, R., Rajagopalan, S., Estrada, N., Sturchio, N., Hatzinger, P.B., Anderson, T.A., Orris, G., Betancourt, J., Stonestrom, D., Latorre, C., Li, Y., Harvey, G.J.","7401888610;7004491698;6701364041;6506953665;6507858702;7004378829;23479842700;7006340868;7101952183;7403489670;56159473900;9246128400;55386800000;7004475068;6602124610;7403297092;57213334040;7005037015;6602913752;7005764439;57211832476;7102703876;","Global patterns and environmental controls of perchlorate and nitrate co-occurrence in arid and semi-arid environments",2015,"Geochimica et Cosmochimica Acta","164",,,"502","522",,73,"10.1016/j.gca.2015.05.016","https://www.scopus.com/inward/record.uri?eid=2-s2.0-85027945688&doi=10.1016%2fj.gca.2015.05.016&partnerID=40&md5=6952af854e9e039bfad14ea589bb2767",Article,"Final","All Open Access, Green",Scopus,2-s2.0-85027945688
"Ling, Z., Wang, A.","8690625300;7404619909;","Spatial distributions of secondary minerals in the Martian meteorite MIL 03346,168 determined by Raman spectroscopic imaging",2015,"Journal of Geophysical Research E: Planets","120","6",,"1141","1159",,23,"10.1002/2015JE004805","https://www.scopus.com/inward/record.uri?eid=2-s2.0-84948468093&doi=10.1002%2f2015JE004805&partnerID=40&md5=887e61d61118a80fffd2d8e2754c1d92",Article,"Final","All Open Access, Bronze",Scopus,2-s2.0-84948468093
"Dearborn, D.S.P., Bauer, B.S.","7005616416;8042574600;","Inca astronomy and calendrics",2015,"Handbook of Archaeoastronomy and Ethnoastronomy",,,,"831","838",,1,"10.1007/978-1-4614-6141-8_78","https://www.scopus.com/inward/record.uri?eid=2-s2.0-84945338036&doi=10.1007%2f978-1-4614-6141-8_78&partnerID=40&md5=61671df587f594158ec303086111e663",Book Chapter,"Final","",Scopus,2-s2.0-84945338036
"Wettergreen, D., Foil, G., Furlong, M., Thompson, D.R.","6701392772;14041782100;15072824300;55316399700;","Science autonomy for rover subsurface exploration of the Atacama Desert",2014,"AI Magazine","35","4",,"45","60",,15,"10.1609/aimag.v35i4.2554","https://www.scopus.com/inward/record.uri?eid=2-s2.0-84920513929&doi=10.1609%2faimag.v35i4.2554&partnerID=40&md5=cff59cf1591395e7e1c48614640d5efc",Article,"Final","All Open Access, Bronze, Green",Scopus,2-s2.0-84920513929
"Irwin, R.P., Tooth, S., Craddock, R.A., Howard, A.D., De Latour, A.B.","7201975649;6602709798;7003266655;7402702426;56426256500;","Origin and development of theater-headed valleys in the atacama desert, northern chile: Morphological analogs to martian valley networks",2014,"Icarus","243",,,"296","310",,12,"10.1016/j.icarus.2014.08.012","https://www.scopus.com/inward/record.uri?eid=2-s2.0-84911879626&doi=10.1016%2fj.icarus.2014.08.012&partnerID=40&md5=f12f50533b4163c42216de4bc01e2c80",Article,"Final","All Open Access, Green",Scopus,2-s2.0-84911879626
"Woods, M., Shaw, A., Tidey, E., Van Pham, B., Simon, L., Mukherji, R., Maddison, B., Cross, G., Kisdi, A., Tubby, W., Visentin, G., Chong, G.","36773375600;56728980600;36708886200;36460254000;35609798600;16316983700;6602849819;56783755400;36998254600;56784395900;20434973100;55340362300;","Seeker-Autonomous Long-range Rover Navigation for Remote Exploration",2014,"Journal of Field Robotics","31","6",,"940","968",,24,"10.1002/rob.21528","https://www.scopus.com/inward/record.uri?eid=2-s2.0-84939421241&doi=10.1002%2frob.21528&partnerID=40&md5=e4ef5b887897b42e292ec7f652aed1c3",Article,"Final","All Open Access, Green",Scopus,2-s2.0-84939421241
"Bekaddour, T., Schlunegger, F., Vogel, H., Delunel, R., Norton, K.P., Akçar, N., Kubik, P.","55567815000;6603813465;36054146900;35728264500;15756031100;16202154700;24488312100;","Paleo erosion rates and climate shifts recorded by Quaternary cut-and-fill sequences in the Pisco valley, central Peru",2014,"Earth and Planetary Science Letters","390",,,"103","115",,43,"10.1016/j.epsl.2013.12.048","https://www.scopus.com/inward/record.uri?eid=2-s2.0-84892865616&doi=10.1016%2fj.epsl.2013.12.048&partnerID=40&md5=74a295845441a0befa45f270e7efc7de",Article,"Final","",Scopus,2-s2.0-84892865616
"Morgan, A.M., Howard, A.D., Hobley, D.E.J., Moore, J.M., Dietrich, W.E., Williams, R.M.E., Burr, D.M., Grant, J.A., Wilson, S.A., Matsubara, Y.","36728240700;7402702426;36501645100;7405238736;7201810208;7409605082;8583482000;55742479100;35235702700;35435695400;","Sedimentology and climatic environment of alluvial fans in the martian Saheki crater and a comparison with terrestrial fans in the Atacama Desert",2014,"Icarus","229",,,"131","156",,63,"10.1016/j.icarus.2013.11.007","https://www.scopus.com/inward/record.uri?eid=2-s2.0-84889604457&doi=10.1016%2fj.icarus.2013.11.007&partnerID=40&md5=f185211e7e1a483269f248c4e2419d54",Article,"Final","All Open Access, Green",Scopus,2-s2.0-84889604457
"Azua-Bustos, A., González-Silva, C.","26038934900;35098616700;","Biotechnological Applications Derived from Microorganisms of the Atacama Desert",2014,"BioMed Research International","2014",,"909312","","",,16,"10.1155/2014/909312","https://www.scopus.com/inward/record.uri?eid=2-s2.0-84935894087&doi=10.1155%2f2014%2f909312&partnerID=40&md5=feb82fec791b851f195021d8408f1bb6",Review,"Final","All Open Access, Gold, Green",Scopus,2-s2.0-84935894087
"Munayco, P., Munayco, J., Valenzuela, M., Rochette, P., Gattacceca, J., Scorzelli, R.B.","14047268400;55450596500;57197676669;7006811225;6603540166;6603903914;","57Fe Mössbauer spectroscopy studies of chondritic meteorites from the Atacama Desert, Chile: Implications for weathering processes",2014,"Hyperfine Interactions","224","1-3",,"257","262",,7,"10.1007/s10751-012-0755-8","https://www.scopus.com/inward/record.uri?eid=2-s2.0-84889262145&doi=10.1007%2fs10751-012-0755-8&partnerID=40&md5=e70e505963a0c4c944ee45d86154d407",Article,"Final","",Scopus,2-s2.0-84889262145
"de Silva, S.L., Spagnuolo, M.G., Bridges, N.T., Zimbelman, J.R.","35587937400;20436587200;7006033014;7004254019;","Gravel-mantled megaripples of the Argentinean Puna: A model for their origin and growth with implications for Mars",2013,"Bulletin of the Geological Society of America","125","11-12",,"1912","1929",,64,"10.1130/B30916.1","https://www.scopus.com/inward/record.uri?eid=2-s2.0-84887231919&doi=10.1130%2fB30916.1&partnerID=40&md5=7e0392e6eb4d8d6e9a6690deec87718a",Article,"Final","",Scopus,2-s2.0-84887231919
"Fernández-Remolar, D.C., Chong-Díaz, G., Ruíz-Bermejo, M., Harir, M., Schmitt-Kopplin, P., Tziotis, D., Gõmez-Ortíz, D., García-Villadangos, M., Martín-Redondo, M.P., Gõmez, F., Rodríguez-Manfredi, J.A., Moreno-Paz, M., De Diego-Castilla, G., Echeverría, A., Urtuvia, V.N., Blanco, Y., Rivas, L., Izawa, M.R.M., Banerjee, N.R., Demergasso, C., Parro, V.","6603201886;55340362300;23012714600;22950300200;35499111100;53864319300;13003802100;23984700500;23994385100;56817935600;7801488078;7801549655;36995997900;35228962200;35390155100;8974332400;57193364385;36570569000;7101779656;35228899200;6701611493;","Molecular preservation in halite- and perchlorate-rich hypersaline subsurface deposits in the Salar Grande basin (Atacama Desert, Chile): Implications for the search for molecular biomarkers on Mars",2013,"Journal of Geophysical Research: Biogeosciences","118","2",,"922","939",,22,"10.1002/jgrg.20059","https://www.scopus.com/inward/record.uri?eid=2-s2.0-84880172641&doi=10.1002%2fjgrg.20059&partnerID=40&md5=3519e6823be6d127d722964443820a9b",Article,"Final","",Scopus,2-s2.0-84880172641
"Wierzchos, J., Davila, A.F., Artieda, O., Cámara-Gallego, B., de los Ríos, A., Nealson, K.H., Valea, S., Teresa García-González, M., Ascaso, C.","7003681791;7006340868;6503931106;55270314900;7004184904;7006660618;36351363600;7005905129;7005936696;","Ignimbrite as a substrate for endolithic life in the hyper-arid Atacama Desert: Implications for the search for life on Mars",2013,"Icarus","224","2",,"334","346",,46,"10.1016/j.icarus.2012.06.009","https://www.scopus.com/inward/record.uri?eid=2-s2.0-84878349807&doi=10.1016%2fj.icarus.2012.06.009&partnerID=40&md5=a4eed4793686336ab96546058a930aeb",Article,"Final","",Scopus,2-s2.0-84878349807
"Blanco, Y., Rivas, L.A., Ruiz-Bermejo, M., Parro, V.","8974332400;57193364385;23012714600;6701611493;","Immunological detection of mellitic acid in the Atacama desert: Implication for organics detection on Mars",2013,"Icarus","224","2",,"326","333",,12,"10.1016/j.icarus.2012.06.006","https://www.scopus.com/inward/record.uri?eid=2-s2.0-84878246172&doi=10.1016%2fj.icarus.2012.06.006&partnerID=40&md5=ebe2603219f06aa218f6480f5e8ac2a3",Article,"Final","",Scopus,2-s2.0-84878246172
"Sobron, P., Lefebvre, C., Leveille, R., Koujelev, A., Haltigin, T., Du, H., Wang, A., Cabrol, N., Zacny, K., Craft, J.","21740289300;15842216500;7003742755;15056292700;16233036500;55788147800;7404619909;8941957900;12783479800;36620126600;","Geochemical profile of a layered outcrop in the Atacama analogue using laser-induced breakdown spectroscopy: Implications for Curiosity investigations in Gale",2013,"Geophysical Research Letters","40","10",,"1965","1970",,9,"10.1002/grl.50261","https://www.scopus.com/inward/record.uri?eid=2-s2.0-84879937583&doi=10.1002%2fgrl.50261&partnerID=40&md5=4cb732dd575a7b8d895dc9bba778bf92",Article,"Final","All Open Access, Bronze",Scopus,2-s2.0-84879937583
"Munayco, P., Munayco, J., de Avillez, R.R., Valenzuela, M., Rochette, P., Gattacceca, J., Scorzelli, R.B.","14047268400;55450596500;35588153700;57197676669;7006811225;6603540166;6603903914;","Weathering of ordinary chondrites from the Atacama Desert, Chile, by Mössbauer spectroscopy and synchrotron radiation X-ray diffraction",2013,"Meteoritics and Planetary Science","48","3",,"457","473",,7,"10.1111/maps.12067","https://www.scopus.com/inward/record.uri?eid=2-s2.0-84875514897&doi=10.1111%2fmaps.12067&partnerID=40&md5=4d129b88a580c1122caf20596bea4d94",Article,"Final","All Open Access, Bronze",Scopus,2-s2.0-84875514897
"Paulino-Lima, I.G., Azua-Bustos, A., Vicuña, R., González-Silva, C., Salas, L., Teixeira, L., Rosado, A., da Costa Leitao, A.A., Lage, C.","36242002000;26038934900;7005907711;35098616700;7006018293;36921701200;7102720385;55584043500;55649571056;","Isolation of UVC-Tolerant Bacteria from the Hyperarid Atacama Desert, Chile",2013,"Microbial Ecology","65","2",,"325","335",,29,"10.1007/s00248-012-0121-z","https://www.scopus.com/inward/record.uri?eid=2-s2.0-84873487734&doi=10.1007%2fs00248-012-0121-z&partnerID=40&md5=91fd0d80fe7785edc55e973e19e181f6",Article,"Final","",Scopus,2-s2.0-84873487734
"Quade, J., Reiners, P., Placzek, C., Matmon, A., Pepper, M., Ojha, L., Murray, K.","16194835700;7004078010;8540533700;6602501003;26531950000;49661868700;26664880900;","Seismicity and the strange rubbing boulders of the Atacama desert, Northern Chile",2012,"Geology","40","9",,"851","854",,13,"10.1130/G33162.1","https://www.scopus.com/inward/record.uri?eid=2-s2.0-84866278608&doi=10.1130%2fG33162.1&partnerID=40&md5=0b5621e9aaca134f6ef75c942adbea22",Article,"Final","",Scopus,2-s2.0-84866278608
"Valdivia-Silva, J.E., Navarro-González, R., Fletcher, L., Perez-Montaño, S., Condori-Apaza, R., McKay, C.P.","26323939900;7003446002;25640548200;36931293100;36930036800;7101952183;","Soil carbon distribution and site characteristics in hyper-arid soils of the Atacama Desert: A site with Mars-like soils",2012,"Advances in Space Research","50","1",,"108","122",,20,"10.1016/j.asr.2012.03.003","https://www.scopus.com/inward/record.uri?eid=2-s2.0-84861199515&doi=10.1016%2fj.asr.2012.03.003&partnerID=40&md5=547f3a39473fbe284c09aa025e70df5e",Article,"Final","",Scopus,2-s2.0-84861199515
"Uehara, M., Gattacceca, J., Rochette, P., Demory, F., Valenzuela, E.M.","57204298653;6603540166;7006811225;8599495100;55224908100;","Magnetic study of meteorites recovered in the Atacama desert (Chile): Implications for meteorite paleomagnetism and the stability of hot desert surfaces",2012,"Physics of the Earth and Planetary Interiors","200-201",,,"113","123",,10,"10.1016/j.pepi.2012.04.007","https://www.scopus.com/inward/record.uri?eid=2-s2.0-84861335390&doi=10.1016%2fj.pepi.2012.04.007&partnerID=40&md5=4d311719e42ac3d455106ecc77670bb8",Article,"Final","",Scopus,2-s2.0-84861335390
"Valdivia-Silva, J.E., Navarro-González, R., Rosa, J.D.L., McKay, C.P.","26323939900;7003446002;54990875600;7101952183;","Decomposition of sodium formate and L- and D-alanine in the Pampas de la Joya soils: Implications as a new geochemical analogue to Martian regolith",2012,"Advances in Space Research","49","5",,"821","833",,5,"10.1016/j.asr.2011.12.012","https://www.scopus.com/inward/record.uri?eid=2-s2.0-84857061098&doi=10.1016%2fj.asr.2011.12.012&partnerID=40&md5=8316409a2927994e87be63e6949669fb",Article,"Final","",Scopus,2-s2.0-84857061098
"Valdivia-Silva, J.E., Navarro-González, R., Fletcher, L., Pérez-Montaño, S., Condori-Apaza, R., Ortega-Gutiérrez, F., McKay, C.","26323939900;7003446002;25640548200;36931293100;36930036800;6601937471;7101952183;","Climatological characteristics in the extreme hyper-arid region of Pampas de La Joya, Peru. Astrobiological approach in four years of observation: 2004-2008",2012,"International Journal of Astrobiology","11","1",,"25","35",,8,"10.1017/S1473550411000292","https://www.scopus.com/inward/record.uri?eid=2-s2.0-84055211877&doi=10.1017%2fS1473550411000292&partnerID=40&md5=42f60682405d2a0769162e07bff2653b",Article,"Final","",Scopus,2-s2.0-84055211877
"Parro, V., De Diego-Castilla, G., Moreno-Paz, M., Blanco, Y., Cruz-Gil, P., Rodríguez-Manfredi, J.A., Fernández-Remolar, D., Gómez, F., Gómez, M.J., Rivas, L.A., Demergasso, C., Echeverría, A., Urtuvia, V.N., Ruiz-Bermejo, M., García-Villadangos, M., Postigo, M., Sánchez-Román, M., Chong-Díaz, G., Gómez-Elvira, J.","6701611493;36995997900;7801549655;8974332400;25636712100;7801488078;6603201886;56817935600;7401734245;57193364385;35228899200;35228962200;35390155100;23012714600;23984700500;7003321482;17136214800;55340362300;23972737000;","A microbial oasis in the hypersaline atacama subsurface discovered by a life detector chip: Implications for the search for life on mars",2011,"Astrobiology","11","10",,"969","996",,81,"10.1089/ast.2011.0654","https://www.scopus.com/inward/record.uri?eid=2-s2.0-80054859485&doi=10.1089%2fast.2011.0654&partnerID=40&md5=ad288b4f2a2c3e3c329ecc940815cbd9",Article,"Final","All Open Access, Green",Scopus,2-s2.0-80054859485
"Gattacceca, J., Valenzuela, M., Uehara, M., Jull, A.J.T., Giscard, M., Rochette, P., Braucher, R., Suavet, C., Gounelle, M., Morata, D., Munayco, P., Bourot-Denise, M., Bourles, D., Demory, F.","6603540166;57197676669;57204298653;7005603161;50661190300;7006811225;6602165786;23494025200;55883197300;6701836809;14047268400;55911915300;7004693622;8599495100;","The densest meteorite collection area in hot deserts: The San Juan meteorite field (Atacama Desert, Chile)",2011,"Meteoritics and Planetary Science","46","9",,"1276","1287",,29,"10.1111/j.1945-5100.2011.01229.x","https://www.scopus.com/inward/record.uri?eid=2-s2.0-80052938898&doi=10.1111%2fj.1945-5100.2011.01229.x&partnerID=40&md5=f3f8624791d35c78160f3b24dfec75d4",Article,"Final","All Open Access, Bronze",Scopus,2-s2.0-80052938898
"Cornejo-Ponce, L., Lienqueo, H.H., Arriaza, B.T.","10140627900;25822613100;6602846124;","Levels of total arsenic in edible fish and shellfish obtained from two coastal sectors of the Atacama Desert in the north of Chile: Use of non-migratory marine species as bioindicators of sea environmental pollution",2011,"Journal of Environmental Science and Health - Part A Toxic/Hazardous Substances and Environmental Engineering","46","11",,"1274","1282",,8,"10.1080/10934529.2011.598815","https://www.scopus.com/inward/record.uri?eid=2-s2.0-80052482330&doi=10.1080%2f10934529.2011.598815&partnerID=40&md5=7e5f56650c18ab0576e1e9f05d547eb2",Article,"Final","",Scopus,2-s2.0-80052482330
"Valdivia-Silva, J.E., Navarro-González, R., Ortega-Gutierrez, F., Fletcher, L.E., Perez-Montaño, S., Condori-Apaza, R., McKay, C.P.","26323939900;7003446002;6601937471;25640548200;36931293100;36930036800;7101952183;","Multidisciplinary approach of the hyperarid desert of Pampas de La Joya in southern Peru as a new Mars-like soil analog",2011,"Geochimica et Cosmochimica Acta","75","7",,"1975","1991",,19,"10.1016/j.gca.2011.01.017","https://www.scopus.com/inward/record.uri?eid=2-s2.0-79952449945&doi=10.1016%2fj.gca.2011.01.017&partnerID=40&md5=1cefb21a06d3e993fc6879c23cb579d0",Article,"Final","",Scopus,2-s2.0-79952449945
"Albarracín, V.H., Dib, J.R., Ordoñez, O.F., Farías, M.E.","8533180000;23970087900;23971164200;35576859500;","A harsh life to indigenous proteobacteria at the andeanmountains: Microbial diversity and resistance mechanisms towards extreme conditions",2011,"Proteobacteria: Phylogeny, Metabolic Diversity and Ecological Effects",,,,"91","130",,10,,"https://www.scopus.com/inward/record.uri?eid=2-s2.0-84891970596&partnerID=40&md5=a595e12161ecb34abf62e563309e16c3",Book Chapter,"Final","",Scopus,2-s2.0-84891970596
"Wierzchos, J., Cámara, B., De los ríos, A., Davila, A.F., sánchez almazo, I.M., Artieda, O., Wierzchos, K., Gómez-silva, B., Mckay, C., Ascaso, C.","7003681791;24330912000;7004184904;7006340868;6506485044;6503931106;37073876800;6506160677;7101952183;7005936696;","Microbial colonization of Ca-sulfate crusts in the hyperarid core of the Atacama Desert: Implications for the search for life on Mars",2011,"Geobiology","9","1",,"44","60",,89,"10.1111/j.1472-4669.2010.00254.x","https://www.scopus.com/inward/record.uri?eid=2-s2.0-78650084031&doi=10.1111%2fj.1472-4669.2010.00254.x&partnerID=40&md5=4cd50418d97165382f5614cbe9a9be01",Article,"Final","",Scopus,2-s2.0-78650084031
"Navarro-González, R., Vargas, E., De La Rosa, J., Raga, A.C., McKay, C.P.","7003446002;36802933000;7004978012;7006306330;7101952183;","Reanalysis of the Viking results suggests perchlorate and organics at midlatitudes on Mars",2010,"Journal of Geophysical Research E: Planets","115","12","E12010","","",,259,"10.1029/2010JE003599","https://www.scopus.com/inward/record.uri?eid=2-s2.0-77956164233&doi=10.1029%2f2010JE003599&partnerID=40&md5=4944aec82d8087b8005de65d36b0b2ed",Article,"Final","All Open Access, Bronze",Scopus,2-s2.0-77956164233
"Di Gregorio, B.","36570288100;","Looking for life on mars",2010,"Chemical Engineer",,"832",,"32","34",,,,"https://www.scopus.com/inward/record.uri?eid=2-s2.0-77958084238&partnerID=40&md5=dbe8e9543c2734cc6740969896e5a929",Article,"Final","",Scopus,2-s2.0-77958084238
"Murphy, A., Llano, R.","57199723378;36716511700;","Father COPPER",2010,"Virginia Quarterly Review","86","4",,"70","73+76-77+80-88",,,,"https://www.scopus.com/inward/record.uri?eid=2-s2.0-77957839799&partnerID=40&md5=7bf1afd060533c1b96b9aad5e3685570",Review,"Final","",Scopus,2-s2.0-77957839799
"Vítek, P., Edwards, H.G.M., Jehlička, J., Ascaso, C., De Los Ríos, A., Valea, S., Jorge-Villar, S.E., Davila, A.F., Wierzchos, J.","36351336400;7202660467;6603798548;7005936696;7004184904;36351363600;6602409926;7006340868;7003681791;","Microbial colonization of halite from the hyper-arid atacama desert studied by Raman spectroscopy",2010,"Philosophical Transactions of the Royal Society A: Mathematical, Physical and Engineering Sciences","368","1922",,"3205","3221",,72,"10.1098/rsta.2010.0059","https://www.scopus.com/inward/record.uri?eid=2-s2.0-77955199005&doi=10.1098%2frsta.2010.0059&partnerID=40&md5=403f4ef24106cad44f49b7aa2a1234ce",Article,"Final","All Open Access, Bronze, Green",Scopus,2-s2.0-77955199005
"De Waele Jo, J., Forti, P.","57204948482;7003866910;","Salt rims and blisters: Peculiar and ephemeral formations in the Atacama desert (Chile)",2010,"Zeitschrift fur Geomorphologie","54","SUPPL. 2",,"51","67",,8,"10.1127/0372-8854/2010/0054S2-0004","https://www.scopus.com/inward/record.uri?eid=2-s2.0-77956565466&doi=10.1127%2f0372-8854%2f2010%2f0054S2-0004&partnerID=40&md5=0d515f5361d669fd6328f57a35497c4a",Article,"Final","",Scopus,2-s2.0-77956565466
"de Silva, S.L., Bailey, J.E., Mandt, K.E., Viramonte, J.M.","35587937400;8336902400;25223813200;36838539700;","Yardangs in terrestrial ignimbrites: Synergistic remote and field observations on Earth with applications to Mars",2010,"Planetary and Space Science","58","4",,"459","471",,69,"10.1016/j.pss.2009.10.002","https://www.scopus.com/inward/record.uri?eid=2-s2.0-76349105283&doi=10.1016%2fj.pss.2009.10.002&partnerID=40&md5=91c828fc1704c0ad5d4e419ac03585ae",Article,"Final","",Scopus,2-s2.0-76349105283
"Davis, W.L., de Pater, I., McKay, C.P.","7402807045;7007158694;7101952183;","Rain infiltration and crust formation in the extreme arid zone of the Atacama Desert, Chile",2010,"Planetary and Space Science","58","4",,"616","622",,34,"10.1016/j.pss.2009.08.011","https://www.scopus.com/inward/record.uri?eid=2-s2.0-76349085416&doi=10.1016%2fj.pss.2009.08.011&partnerID=40&md5=9351da6623984768cdf723e1fab614d4",Article,"Final","",Scopus,2-s2.0-76349085416
"Catling, D.C., Claire, M.W., Zahnle, K.J., Quinn, R.C., Clark, B.C., Hecht, M.H., Kounaves, S.","6701316538;8691333500;7003928455;57203048062;35375594600;7101749013;7004018919;","Atmospheric origins of perchlorate on mars and in the atacama",2010,"Journal of Geophysical Research E: Planets","115","1","E00E11","","",,206,"10.1029/2009JE003425","https://www.scopus.com/inward/record.uri?eid=2-s2.0-77649168072&doi=10.1029%2f2009JE003425&partnerID=40&md5=aeb1ce60f0a83bf26b1ec1e40bc630d9",Article,"Final","All Open Access, Bronze, Green",Scopus,2-s2.0-77649168072
"Peeters, Z., Quinn, R., Martins, Z., Sephton, M.A., Becker, L., Van Loosdrecht, M.C.M., Brucato, J., Grunthaner, F., Ehrenfreund, P.","12242149100;57203048062;57202980152;7003466835;7202306395;7004463801;6701612015;7003780380;7005276576;","Habitability on planetary surfaces: Interdisciplinary preparation phase for future Mars missions",2009,"International Journal of Astrobiology","8","4",,"301","315",,21,"10.1017/S1473550409990140","https://www.scopus.com/inward/record.uri?eid=2-s2.0-77149165754&doi=10.1017%2fS1473550409990140&partnerID=40&md5=4ccaee9a6575dc63f2c6711d179c7b38",Article,"Final","",Scopus,2-s2.0-77149165754
"Valdivia-Silva, J.E., Navarro-González, R., McKay, C.","26323939900;7003446002;7101952183;","Thermally evolved gas analysis (TEGA) of hyperarid soils doped with microorganisms from the Atacama Desert in southern Peru: Implications for the Phoenix mission",2009,"Advances in Space Research","44","2",,"254","266",,11,"10.1016/j.asr.2009.02.008","https://www.scopus.com/inward/record.uri?eid=2-s2.0-67349161019&doi=10.1016%2fj.asr.2009.02.008&partnerID=40&md5=de73e64b744a63b0932860aaa324514c",Article,"Final","",Scopus,2-s2.0-67349161019
"Schulz, T., Münker, C., Palme, H., Mezger, K.","24725575000;6701667018;7006777910;57203029618;","Hf-W chronometry of the IAB iron meteorite parent body",2009,"Earth and Planetary Science Letters","280","1-4",,"185","193",,33,"10.1016/j.epsl.2009.01.033","https://www.scopus.com/inward/record.uri?eid=2-s2.0-62549136065&doi=10.1016%2fj.epsl.2009.01.033&partnerID=40&md5=83a787c42005f3de8cc1345126563a52",Article,"Final","",Scopus,2-s2.0-62549136065
"Chiesl, T.N., Chu, W.K., Stockton, A.M., Amashukeli, X., Grunthaner, F., Mathies, R.A.","8628098000;57220639574;26432865500;6507732440;7003780380;7103123753;","Enhanced amine and amino acid analysis using Pacific Blue and the Mars organic analyzer microchip capillary electrophoresis system",2009,"Analytical Chemistry","81","7",,"2537","2544",,73,"10.1021/ac8023334","https://www.scopus.com/inward/record.uri?eid=2-s2.0-64849104190&doi=10.1021%2fac8023334&partnerID=40&md5=8a8b1280bf185cb9bd0216e2f4099fd5",Article,"Final","",Scopus,2-s2.0-64849104190
"Buch, A., Sternberg, R., Szopa, C., Freissinet, C., Garnier, C., Bekri, E.J., Rodier, C., Navarro-González, R., Raulin, F., Cabane, M., Stambouli, M., Glavin, D.P., Mahaffy, P.R.","7006786887;57202530598;6603870152;24390637500;56428713100;24390374700;25721910800;7003446002;7005084474;6701651591;6603417486;6602092157;6701365282;","Development of a gas chromatography compatible Sample Processing System (SPS) for the in-situ analysis of refractory organic matter in martian soil: preliminary results",2009,"Advances in Space Research","43","1",,"143","151",,31,"10.1016/j.asr.2008.05.001","https://www.scopus.com/inward/record.uri?eid=2-s2.0-57749174284&doi=10.1016%2fj.asr.2008.05.001&partnerID=40&md5=c3543aa79144eea16f16eaddf169e660",Article,"Final","",Scopus,2-s2.0-57749174284
"Cabrol, N.A., Grin, E.A., Chong, G., Minkley, E., Hock, A.N., Yu, Y., Bebout, L., Fleming, E., Häder, D.P., Demergasso, C., Gibson, J., Escudero, L., Dorador, C., Lim, D., Woosley, C., Morris, R.L., Tambley, C., Gaete, V., Galvez, M.E., Smith, E., Uskin-Peate, I., Salazar, C., Dawidowicz, G., Majerowicz, J.","8941957900;7004014625;55340362300;6602827757;23670103900;7406252319;36508642600;57191064824;35477410900;35228899200;7403389372;7006371761;23666723800;7401816135;36509507200;36841239900;36156166100;36508685500;49260953600;57209688640;8713798100;8752923100;6505859126;36509090000;","The High-Lakes Project",2009,"Journal of Geophysical Research: Biogeosciences","114","4","G00D06","","",,37,"10.1029/2008JG000818","https://www.scopus.com/inward/record.uri?eid=2-s2.0-77954229018&doi=10.1029%2f2008JG000818&partnerID=40&md5=96ff03acd6bb6de5d86e3e088103fe3b",Article,"Final","",Scopus,2-s2.0-77954229018
"Barros, N., Feijóo, S., Salgado, J., Ramajo, J., Garcia, J.R., Hansen, L.D.","7004145205;6701437913;7102811648;36153490200;7406129248;55660691800;","The dry limit of microbial life in the Atacama desert revealed by calorimetric approaches",2008,"Engineering in Life Sciences","8","5",,"477","486",,13,"10.1002/elsc.200820236","https://www.scopus.com/inward/record.uri?eid=2-s2.0-62349128323&doi=10.1002%2felsc.200820236&partnerID=40&md5=58b72d72cdb9318309772541af7a84fc",Article,"Final","",Scopus,2-s2.0-62349128323
"Wynne, J.J., Titus, T.N., Chong Diaz, G.","14025066400;7004481175;55340362300;","On developing thermal cave detection techniques for earth, the moon and mars",2008,"Earth and Planetary Science Letters","272","1-2",,"240","250",,31,"10.1016/j.epsl.2008.04.037","https://www.scopus.com/inward/record.uri?eid=2-s2.0-47749126516&doi=10.1016%2fj.epsl.2008.04.037&partnerID=40&md5=ee0c47653841d1a45c432f31df47aa01",Article,"Final","",Scopus,2-s2.0-47749126516
"Osman, S., Peeters, Z., La Duc, M.T., Mancinelli, R., Ehrenfreund, P., Venkateswaran, K.","14045626300;12242149100;6602709401;7005982461;7005276576;7006260631;","Effect of shadowing on survival of bacteria under conditions simulating the Martian atmosphere and UV radiation",2008,"Applied and Environmental Microbiology","74","4",,"959","970",,83,"10.1128/AEM.01973-07","https://www.scopus.com/inward/record.uri?eid=2-s2.0-39649118215&doi=10.1128%2fAEM.01973-07&partnerID=40&md5=53d6ea7ba0ff0d38f4ae24b38fa404c3",Article,"Final","All Open Access, Green",Scopus,2-s2.0-39649118215
"Cabrol, N.A., Wettergreen, D., Warren-Rhodes, K., Grin, E.A., Moersch, J., Diaz, G.C., Cockell, C.S., Coppin, P., Demergasso, C., Dohm, J.M., Ernst, L., Fisher, G., Glasgow, J., Hardgrove, C., Hock, A.N., Jonak, D., Marinangeli, L., Minkley, E., Ori, G.G., Piatek, J., Pudenz, E., Smith, T., Stubbs, K., Thomas, G., Thompson, D., Waggoner, A., Wagner, M., Weinstein, S., Wyatt, M.","8941957900;6701392772;6507272414;7004014625;6603075387;7201671416;7004940683;57210675330;35228899200;6603805402;7102047621;7402440022;7102092650;23670122600;23670103900;9744627300;6602980442;6602827757;6603715178;8413915300;14036094800;9746727600;14036438300;7404575819;55316399700;7006508115;7404048975;7202467479;7007142418;","Life in the Atacama: Searching for life with rovers (science overview)",2007,"Journal of Geophysical Research: Biogeosciences","112","4","G04S02","","",,32,"10.1029/2006JG000298","https://www.scopus.com/inward/record.uri?eid=2-s2.0-84940578377&doi=10.1029%2f2006JG000298&partnerID=40&md5=b06e4f8061b4ddb9313c5a455db1d52c",Article,"Final","",Scopus,2-s2.0-84940578377
"Quinn, R.C., Ehrenfreund, P., Grunthaner, F.J., Taylor, C.L., Zent, A.P.","7202178963;7005276576;7003780380;55463045100;6701726708;","Decomposition of aqueous organic compounds in the Atacama Desert and in Martian soils",2007,"Journal of Geophysical Research: Biogeosciences","112","4","G04S18","","",,28,"10.1029/2006JG000312","https://www.scopus.com/inward/record.uri?eid=2-s2.0-40049109589&doi=10.1029%2f2006JG000312&partnerID=40&md5=8d29cd1a07dbda58a6665f06a4237256",Article,"Final","",Scopus,2-s2.0-40049109589
"Skelley, A.M., Aubrey, A.D., Willis, P.A., Amashukeli, X., Ehrenfreund, P., Bada, J.L., Grunthaner, F.J., Mathies, R.A.","6603250079;6506562186;7102962686;6507732440;7005276576;35450589900;7003780380;7103123753;","Organic amine biomarker detection in the Yungay region of the Atacama Desert with the Urey instrument",2007,"Journal of Geophysical Research: Biogeosciences","112","4","G04S11","","",,50,"10.1029/2006JG000329","https://www.scopus.com/inward/record.uri?eid=2-s2.0-39849108960&doi=10.1029%2f2006JG000329&partnerID=40&md5=0cc9161d2471f377eca374bf002d9474",Article,"Final","",Scopus,2-s2.0-39849108960
"Sutter, B., Dalton, J.B., Ewing, S.A., Amundson, R., McKay, C.P.","7004859335;35414453600;15044347400;7005994343;7101952183;","Terrestrial analogs for interpretation of infrared spectra from the Martian surface and subsurface: Sulfate, nitrate, carbonate, and phyllosilicate-bearing atacama desert soils",2007,"Journal of Geophysical Research: Biogeosciences","112","4","G04S10","","",,35,"10.1029/2006JG000313","https://www.scopus.com/inward/record.uri?eid=2-s2.0-39849106347&doi=10.1029%2f2006JG000313&partnerID=40&md5=f4fa39ab680fe98b4ba6f421606e6e50",Article,"Final","",Scopus,2-s2.0-39849106347
"Warren-Rhodes, K., Weinstein, S., Piatek, J.L., Dohm, J., Hock, A., Minkley, E., Pane, D., Ernst, L.A., Fisher, G., Emani, S., Waggoner, A.S., Cabrol, N.A., Wettergreen, D.S., Grin, E., Coppin, P., Diaz, C., Moersch, J., Oril, G.G., Smith, T., Stubbs, K., Thomas, G., Wagner, M., Wyatt, M., Boyle, L.N.","6507272414;7202467479;8413915300;6603805402;23670103900;6602827757;7801385590;7102047621;7402440022;23670350800;7006508115;8941957900;6701392772;7004014625;57210675330;23669985900;6603075387;23670809900;9746727600;14036438300;7404575819;7404048975;7007142418;9041792700;","Robotic ecological mapping: Habitats and the search for life in the Atacama Desert",2007,"Journal of Geophysical Research: Biogeosciences","112","4","G04S06","","",,16,"10.1029/2006JG000301","https://www.scopus.com/inward/record.uri?eid=2-s2.0-39849105389&doi=10.1029%2f2006JG000301&partnerID=40&md5=c87b0df84a279e5c3d253b072ed19489",Article,"Final","All Open Access, Bronze, Green",Scopus,2-s2.0-39849105389
"Piatek, J.L., Hardgrove, C., Moersch, J.E., Drake, D.M., Wyatt, M.B., Rampey, M., Carlisle, O., Warren-Rhodes, K., Dohm, J.M., Hock, A.N., Cabrol, N.A., Wettergreen, D.S., Grin, E.A., Diaz, G.C., Coppin, P., Weinstein, S., Cockell, C.S., Marinangeli, L., Ori, G.G., Smith, T., Jonak, D., Wagner, M., Stubbs, K., Thomas, G., Pudenz, E., Glasgow, J.","8413915300;23670122600;6603075387;16419383000;7007142418;57199563009;8600097800;6507272414;6603805402;23670103900;8941957900;6701392772;7004014625;7201671416;57210675330;7202467479;7004940683;6602980442;6603715178;9746727600;9744627300;7404048975;14036438300;7404575819;14036094800;7102092650;","Surface and subsurface composition of the Life in the Atacama field sites from rover data and orbital image analysis",2007,"Journal of Geophysical Research: Biogeosciences","112","4","G04S04","","",,7,"10.1029/2006JG000317","https://www.scopus.com/inward/record.uri?eid=2-s2.0-39849103748&doi=10.1029%2f2006JG000317&partnerID=40&md5=78153ad9e1a683d3c803ad4deb8d6eaa",Article,"Final","All Open Access, Bronze",Scopus,2-s2.0-39849103748
"Hock, A.N., Cabrol, N.A., Dohm, J.M., Piatek, J., Warren-Rhodes, K., Weinstein, S., Wettergreen, D.S., Grin, E.A., Moersch, J., Cockell, C.S., Coppin, P., Ernst, L., Fisher, G., Hardgrove, C., Marinangeli, L., Minkley, E., Ori, G.G.., Waggoner, A., Wyatt, M., Smith, T., Thompson, D., Wagner, M., Jonak, D., Stubbs, K., Thomas, G., Pudenz, E., Glasgow, J.","23670103900;8941957900;6603805402;8413915300;6507272414;7202467479;6701392772;7004014625;6603075387;7004940683;57210675330;7102047621;7402440022;23670122600;6602980442;6602827757;6603715178;7006508115;7007142418;9746727600;55316399700;7404048975;9744627300;14036438300;7404575819;14036094800;7102092650;","Life in the Atacama: A scoring system for habitability and the robotic exploration for life",2007,"Journal of Geophysical Research: Biogeosciences","112","4","G04S08","","",,12,"10.1029/2006JG000321","https://www.scopus.com/inward/record.uri?eid=2-s2.0-39849098011&doi=10.1029%2f2006JG000321&partnerID=40&md5=81abaa347e6d453be84e8c87bdb42b1a",Article,"Final","All Open Access, Bronze",Scopus,2-s2.0-39849098011
"Amashukeli, X., Pelletier, C.C., Kirby, J.P., Grunthaner, F.J.","6507732440;8664405700;57197659735;7003780380;","Subcritical water extraction of amino acids from Atacama Desert soils",2007,"Journal of Geophysical Research: Biogeosciences","112","4","G04S16","","",,44,"10.1029/2006JG000308","https://www.scopus.com/inward/record.uri?eid=2-s2.0-39849089323&doi=10.1029%2f2006JG000308&partnerID=40&md5=096e387fdf35f99a841e72b041cc1c1c",Article,"Final","All Open Access, Green",Scopus,2-s2.0-39849089323
"Georgiou, C.D., Papapostolou, I., Sun, H., McKay, C.P.","7005194635;8209401700;55956813500;7101952183;","Superoxide radical assays and applications in Mars-like Atacama soils",2007,"Journal of Geophysical Research: Biogeosciences","112","4","G04S13","","",,7,"10.1029/2006JG000390","https://www.scopus.com/inward/record.uri?eid=2-s2.0-39849087415&doi=10.1029%2f2006JG000390&partnerID=40&md5=8f2922e11395dc7362cfc80dd6c1985e",Article,"Final","All Open Access, Bronze",Scopus,2-s2.0-39849087415
"Warren-Rhodes, K., Weinstein, S., Dohm, J., Piatek, J., Minkley, E., Hock, A., Cockell, C., Pane, D., Ernst, L.A., Fisher, G., Emani, S., Waggoner, A.S., Cabrol, N.A., Wettergreen, D.S., Apostolopoulos, D., Coppin, P., Grin, E., Diaz, C., Moersch, J., Oril, G.G., Smith, T., Stubbs, K., Thomas, G., Wagner, M., Wyatt, M.","6507272414;7202467479;6603805402;8413915300;6602827757;23670103900;7004940683;7801385590;7102047621;7402440022;23670350800;7006508115;8941957900;6701392772;55397247900;57210675330;7004014625;23669985900;6603075387;23670809900;9746727600;14036438300;7404575819;7404048975;7007142418;","Searching for microbial life remotely: Satellite-to-rover habitat mapping in the Atacama Desert, Chile",2007,"Journal of Geophysical Research: Biogeosciences","112","4","G04S05","","",,20,"10.1029/2006JG000283","https://www.scopus.com/inward/record.uri?eid=2-s2.0-39849085100&doi=10.1029%2f2006JG000283&partnerID=40&md5=3534a490f4ba5e46a10a2f7cb6fd3f4c",Article,"Final","All Open Access, Bronze, Green",Scopus,2-s2.0-39849085100
"Muñoz, C., Guerra, N., Martínez-Frías, J., Lunar, R., Cerda, J.","57220709710;35618805300;7007183815;6603766648;18133575300;","The Atacama Desert: A preferential arid region for the recovery of meteorites-Find location features and strewnfield distribution patterns",2007,"Journal of Arid Environments","71","2",,"188","200",,14,"10.1016/j.jaridenv.2007.03.007","https://www.scopus.com/inward/record.uri?eid=2-s2.0-34547568429&doi=10.1016%2fj.jaridenv.2007.03.007&partnerID=40&md5=5c2d24b87b4083c2c810ca18f98bccf9",Review,"Final","All Open Access, Green",Scopus,2-s2.0-34547568429
"Ewing, S.A., Michalski, G., Thiemens, M., Quinn, R.C., Macalady, J.L., Kohl, S., Wankel, S.D., Kendall, C., Mckay, C.P., Amundson, R.","15044347400;57205981224;7006709088;57203048062;6602354554;7102175397;6507035424;7102153539;7101952183;7005994343;","Rainfall limit of the N cycle on Earth",2007,"Global Biogeochemical Cycles","21","3","GB3009","","",,65,"10.1029/2006GB002838","https://www.scopus.com/inward/record.uri?eid=2-s2.0-36749070879&doi=10.1029%2f2006GB002838&partnerID=40&md5=542384e49f2274153ce6446e66b7cdd1",Article,"Final","All Open Access, Bronze, Green",Scopus,2-s2.0-36749070879
"Dong, H., Rech, J.A., Jiang, H., Sun, H., Buck, B.J.","7402335059;7003316537;35310680200;55956813500;7006705761;","Endolithnic cyanobacteria in soil gypsum: Occurences in Atacama (Chile), Mojave (United States), and Al-Jafr Basin (Jordan) Deserts",2007,"Journal of Geophysical Research: Biogeosciences","112","2","G02030","","",,86,"10.1029/2006JG000385","https://www.scopus.com/inward/record.uri?eid=2-s2.0-34548303426&doi=10.1029%2f2006JG000385&partnerID=40&md5=5398b0e99e0b622f2aa27ba571d3b3cb",Article,"Final","",Scopus,2-s2.0-34548303426
"Valenzuela, M., Abdu, Y., Scorzelli, R.B., Duttine, M., Morata, D., Munayco, P.","57197676669;7801686220;6603903914;6506554710;6701836809;14047268400;","Room temperature 57Fe Mössbauer spectroscopy of ordinary chondrites from the Atacama Desert (Chile): Constraining the weathering processes on desert meteorites",2007,"Hyperfine Interactions","175","1-3",,"9","14",,5,"10.1007/s10751-008-9581-4","https://www.scopus.com/inward/record.uri?eid=2-s2.0-45749149907&doi=10.1007%2fs10751-008-9581-4&partnerID=40&md5=288ec5bad7370546b806dfe5e5e95899",Article,"Final","",Scopus,2-s2.0-45749149907
"Buch, A., Glavin, D.P., Sternberg, R., Szopa, C., Rodier, C., Navarro-González, R., Raulin, F., Cabane, M., Mahaffy, P.R.","7006786887;6602092157;57202530598;6603870152;25721910800;7003446002;7005084474;6701651591;6701365282;","A new extraction technique for in situ analyses of amino and carboxylic acids on Mars by gas chromatography mass spectrometry",2006,"Planetary and Space Science","54","15",,"1592","1599",,46,"10.1016/j.pss.2006.05.041","https://www.scopus.com/inward/record.uri?eid=2-s2.0-33751257763&doi=10.1016%2fj.pss.2006.05.041&partnerID=40&md5=4276477581f53fa820ab1deb2a2fb823",Article,"Final","",Scopus,2-s2.0-33751257763
"Glavin, D.P., Cleaves, H.J., Buch, A., Schubert, M., Aubrey, A., Bada, J.L., Mahaffy, P.R.","6602092157;6602356238;7006786887;35293544600;6506562186;35450589900;6701365282;","Sublimation extraction coupled with gas chromatography-mass spectrometry: A new technique for future in situ analyses of purines and pyrimidines on Mars",2006,"Planetary and Space Science","54","15",,"1584","1591",,20,"10.1016/j.pss.2005.12.023","https://www.scopus.com/inward/record.uri?eid=2-s2.0-33750967887&doi=10.1016%2fj.pss.2005.12.023&partnerID=40&md5=3b1b9664906ce8c5165d8602b294fcf7",Article,"Final","",Scopus,2-s2.0-33750967887
"Del Valle Abascal, L., Bonorino, G.G.","37046032700;6602630967;","Kinematics of a translational/rotational landslide, Central Andes, Northwestern Argentina",2006,"Environmental and Engineering Geoscience","12","4",,"369","376",,2,"10.2113/gseegeosci.12.4.369","https://www.scopus.com/inward/record.uri?eid=2-s2.0-34248676294&doi=10.2113%2fgseegeosci.12.4.369&partnerID=40&md5=d6b56974e3948aecfda3cdbadfa6b89d",Article,"Final","",Scopus,2-s2.0-34248676294
"Ewing, S.A., Sutter, B., Owen, J., Nishiizumi, K., Sharp, W., Cliff, S.S., Perry, K., Dietrich, W., McKay, C.P., Amundson, R.","15044347400;7004859335;15045266600;7004197106;7102399779;7004124427;7201759986;7201810208;7101952183;7005994343;","A threshold in soil formation at Earth's arid-hyperarid transition",2006,"Geochimica et Cosmochimica Acta","70","21",,"5293","5322",,177,"10.1016/j.gca.2006.08.020","https://www.scopus.com/inward/record.uri?eid=2-s2.0-33750348978&doi=10.1016%2fj.gca.2006.08.020&partnerID=40&md5=9456d7110c9c60ee92e2281f611e28f8",Article,"Final","",Scopus,2-s2.0-33750348978
"Warren-Rhodes, K.A., Rhodes, K.L., Pointing, S.B., Ewing, S.A., Lacap, D.C., Gómez-Silva, B., Amundson, R., Friedmann, E.I., McKay, C.P.","6507272414;16426535600;6603986412;15044347400;9640383000;6506160677;7005994343;7006787912;7101952183;","Hypolithic cyanobacteria, dry limit of photosynthesis, and microbial ecology in the hyperarid Atacama Desert",2006,"Microbial Ecology","52","3",,"389","398",,230,"10.1007/s00248-006-9055-7","https://www.scopus.com/inward/record.uri?eid=2-s2.0-33746570778&doi=10.1007%2fs00248-006-9055-7&partnerID=40&md5=2fc9dde05571048bf3320e57253e2512",Article,"Final","",Scopus,2-s2.0-33746570778
"Bevan, A.W.R.","7005043148;","Desert meteorites: A history",2006,"Geological Society Special Publication","256",,,"325","343",,9,"10.1144/GSL.SP.2006.256.01.16","https://www.scopus.com/inward/record.uri?eid=2-s2.0-33745886240&doi=10.1144%2fGSL.SP.2006.256.01.16&partnerID=40&md5=34286b1031bb54f553e2e27ada94ec50",Article,"Final","",Scopus,2-s2.0-33745886240
"Kumagai, J.","7006707410;","Halfway to Mars",2006,"IEEE Spectrum","43","3",,"38","43",,3,"10.1109/MSPEC.2006.1604839","https://www.scopus.com/inward/record.uri?eid=2-s2.0-33644985375&doi=10.1109%2fMSPEC.2006.1604839&partnerID=40&md5=f7f46bfddc1cdb47ffa3b2b837dcdcc0",Article,"Final","",Scopus,2-s2.0-33644985375
"Clarke, J.D.","55364487600;","Antiquity of aridity in the Chilean Atacama Desert",2006,"Geomorphology","73","1-2",,"101","114",,180,"10.1016/j.entcs.2005.12.035","https://www.scopus.com/inward/record.uri?eid=2-s2.0-29644448060&doi=10.1016%2fj.entcs.2005.12.035&partnerID=40&md5=cfd3f798e810ffb8fa6becc965121db3",Article,"Final","All Open Access, Bronze, Green",Scopus,2-s2.0-29644448060
"Harrison, K.P., Grimm, R.E.","7202397901;57200304476;","Groundwater-controlled valley networks and the decline of surface runoff on early Mars",2005,"Journal of Geophysical Research E: Planets","110","12","E12S16","1","17",,82,"10.1029/2005JE002455","https://www.scopus.com/inward/record.uri?eid=2-s2.0-31844436896&doi=10.1029%2f2005JE002455&partnerID=40&md5=cc6d84d440bb62d488e4d554a9f4f8a4",Article,"Final","All Open Access, Green",Scopus,2-s2.0-31844436896
"Wettergreen, D., Cabrol, N., Baskaran, V., Calderón, F., Heys, S., Jonak, D., Lüders, A., Pane, D., Smith, T., Teza, J., Tompkins, P., Villa, D., Williams, C., Wagner, M.","6701392772;8941957900;9747777900;57197668315;9745600200;9744627300;9747518600;7801385590;9746727600;6603197390;14066880400;57198265089;57199277774;7404048975;","Second experiments in the robotic investigation of life in the Atacama Desert of Chile",2005,"European Space Agency, (Special Publication) ESA SP",,"603",,"233","240",,35,,"https://www.scopus.com/inward/record.uri?eid=2-s2.0-28744450137&partnerID=40&md5=fc572ab327b51d33c0067f9b6988120b",Article,"Final","",Scopus,2-s2.0-28744450137
"Wagner, M., Heys, S., Wettergreen, D., Teza, J., Apostolopoulos, D., Kantor, G., Whittaker, W.","7404048975;9745600200;6701392772;6603197390;55397247900;35203658800;35552082000;","Design and control of a passively steered, dual axle vehicle",2005,"European Space Agency, (Special Publication) ESA SP",,"603",,"29","36",,5,,"https://www.scopus.com/inward/record.uri?eid=2-s2.0-28744445136&partnerID=40&md5=314c907a033c35e3be5ca513f19a3f81",Article,"Final","",Scopus,2-s2.0-28744445136
"Skelley, A.M., Scherer, J.R., Aubrey, A.D., Grover, W.H., Ivester, R.H.C., Ehrenfreund, P., Grunthaner, F.J., Bada, J.L., Mathies, R.A.","6603250079;36475444400;6506562186;8906027900;6701537674;7005276576;7003780380;35450589900;7103123753;","Development and evaluation of a microdevice for amino acid biomarker detection and analysis on Mars",2005,"Proceedings of the National Academy of Sciences of the United States of America","102","4",,"1041","1046",,218,"10.1073/pnas.0406798102","https://www.scopus.com/inward/record.uri?eid=2-s2.0-12844282193&doi=10.1073%2fpnas.0406798102&partnerID=40&md5=9f833e4479656d890353de22be0b7e0c",Article,"Final","All Open Access, Bronze, Green",Scopus,2-s2.0-12844282193
"Maldonado, A., Betancourt, J.L., Latorre, C., Villagran, C.","8550634300;7005037015;7005764439;6602991521;","Pollen analyses from a 50 000-yr rodent midden series in the southern Atacama Desert (25° 30′ S)",2005,"Journal of Quaternary Science","20","5",,"493","507",,107,"10.1002/jqs.936","https://www.scopus.com/inward/record.uri?eid=2-s2.0-23144466411&doi=10.1002%2fjqs.936&partnerID=40&md5=40c289b23403b73196a655ed499696eb",Article,"Final","",Scopus,2-s2.0-23144466411
"Maier, R.M., Drees, K.P., Neilson, J.W., Henderson, D.A., Quade, J., Betancourt, J.L., Navarro-González, R., Rainey, F.A., McKay, C.P.","7201868017;57213956939;7101613134;7402989319;16194835700;7005037015;7003446002;7006855089;7101952183;","Microbial life in the Atacama Desert [2] (multiple letters)",2004,"Science","306","5700",,"1289","1290",,43,,"https://www.scopus.com/inward/record.uri?eid=2-s2.0-8844278393&partnerID=40&md5=0c252ca037a1ca4dcbf895c729a397d1",Letter,"Final","",Scopus,2-s2.0-8844278393
"Michalski, G., Böhlke, J.K., Thiemens, M.","57205981224;7004491698;7006709088;","Long term atmospheric deposition as the source of nitrate and other salts in the Atacama Desert, Chile: New evidence from mass-independent oxygen isotopic compositions",2004,"Geochimica et Cosmochimica Acta","68","20",,"4023","4038",,236,"10.1016/j.gca.2004.04.009","https://www.scopus.com/inward/record.uri?eid=2-s2.0-5044221147&doi=10.1016%2fj.gca.2004.04.009&partnerID=40&md5=a3001c0d7cf063422295462e994b6711",Article,"Final","",Scopus,2-s2.0-5044221147
"Navarro-González, R., Rainey, F.A., Molina, P., Bagaley, D.R., Hollen, B.J., De La Rosa, J., Small, A.M., Quinn, R.C., Grunthaner, F.J., Cáceres, L., Gomez-Silva, B., McKay, C.P.","7003446002;7006855089;7102021767;8881810400;6507399108;7004978012;7005344081;57203048062;7003780380;36740206700;6506160677;7101952183;","Mars-Like Soils in the Atacama Desert, Chile, and the Dry Limit of Microbial Life",2003,"Science","302","5647",,"1018","1021",,400,"10.1126/science.1089143","https://www.scopus.com/inward/record.uri?eid=2-s2.0-0242662483&doi=10.1126%2fscience.1089143&partnerID=40&md5=aa5ef7158ad0e06fe867ecb7d68e0415",Article,"Final","",Scopus,2-s2.0-0242662483
"McKay, C.P., Friedmann, E.I., Gómez-Silva, B., Cáceres-Villanueva, L., Andersen, D.T., Landheim, R.","7101952183;7006787912;6506160677;36740206700;7202231963;6507605928;","Temperature and moisture conditions for life in the extreme arid region of the atacama desert: Four years of observations including the El Niño of 1997-1998",2003,"Astrobiology","3","2",,"393","406",,257,"10.1089/153110703769016460","https://www.scopus.com/inward/record.uri?eid=2-s2.0-77952105823&doi=10.1089%2f153110703769016460&partnerID=40&md5=ea5b9436e577527bee5413cb3761f28d",Article,"Final","",Scopus,2-s2.0-77952105823
"Dose, K., Bieger-Dose, A., Ernst, B., Feister, U., Gómez-Silva, B., Klein, A., Risi, S., Stridde, C.","7005211119;6507794954;15919162100;57200684699;6506160677;7402143451;6603943351;6507552625;","Survival of microorganisms under the extreme conditions of the Atacama desert",2001,"Origins of Life and Evolution of the Biosphere","31","3",,"287","303",,41,"10.1023/A:1010788829265","https://www.scopus.com/inward/record.uri?eid=2-s2.0-0034992840&doi=10.1023%2fA%3a1010788829265&partnerID=40&md5=70fbc8550daac0c0ea77c9e5587f49b2",Article,"Final","",Scopus,2-s2.0-0034992840
"Cabrol, N.A., Bettis III, E.A., Glenister, B., Chong, G., Herrera, C., Jensen, A., Pereira, M., Stoker, C.R., Grin, E.A., Landheim, R., Thomas, G., Golden, J., Saville, K., Ludvigson, G., Witzke, B.","8941957900;57224915535;6602954301;55340362300;7102094324;7403020852;57199311781;7003427867;7004014625;6507605928;7404575819;57212895808;8217879200;35592744300;6602982852;","Nomad Rover field experiment, Atacama Desert, Chile 2. Identification of paleolife evidence using a robotic vehicle: Lessons and recommendations for a Mars sample return mission",2001,"Journal of Geophysical Research E: Planets","106","E4","1999JE001181","7807","7815",,9,"10.1029/1999JE001181","https://www.scopus.com/inward/record.uri?eid=2-s2.0-0034896623&doi=10.1029%2f1999JE001181&partnerID=40&md5=d52e930391e582a0b6143ce77deeb6b0",Article,"Final","All Open Access, Bronze, Green",Scopus,2-s2.0-0034896623
"Cabrol, N.A., Chong-Diaz, G., Stoker, C.R., Gulick, V.C., Landheim, R., Lee, P., Roush, T.L., Zent, A.P., Lameli, C.H., Iglesia, A.J., Arrerondo, M.P., Dohm, J.M., Keaten, R., Wettergreen, D., Sims, M.H., Schwher, K., Bualat, M.G., Thomas, H.J., Zbinden, E., Christian, D., Pedersen, L., Bettis III, A., Thomas, G., Witzke, B.","8941957900;55340362300;7003427867;35414779200;6507605928;8744520700;7004248170;6701726708;8299464300;8299464500;8299464700;6603805402;8558373900;6701392772;17136190300;8299465700;6603328103;35415993100;6701540063;8299466500;9746109800;8299466900;7404575819;6602982852;","Nomad Rover field experiment, Atacama Desert, Chile 1. Science results overview",2001,"Journal of Geophysical Research E: Planets","106","E4","1999JE001166","7785","7806",,20,"10.1029/1999JE001166","https://www.scopus.com/inward/record.uri?eid=2-s2.0-0034896622&doi=10.1029%2f1999JE001166&partnerID=40&md5=6af9c18334f581e45dfbe10eef3ee540",Review,"Final","",Scopus,2-s2.0-0034896622
"Haldemann, A.F.C., Muhleman, D.O.","16175139600;7003859294;","Circular-polarization radar properties of high-altitude ice: Western Kunlun Shan and central Andes",1999,"Journal of Geophysical Research E: Planets","104","E10","1999JE900023","24075","24094",,9,"10.1029/1999JE900023","https://www.scopus.com/inward/record.uri?eid=2-s2.0-0033604175&doi=10.1029%2f1999JE900023&partnerID=40&md5=12c785f1ec1def1a69ca6e9cd84926d4",Article,"Final","",Scopus,2-s2.0-0033604175
"Ashley, Steven","7102500497;","Roving other worlds by remote",1997,"Mechanical Engineering","119","7",,"74","76",,,,"https://www.scopus.com/inward/record.uri?eid=2-s2.0-0031191750&partnerID=40&md5=e2f7ebfe840ea9c033ec1518e08e02c7",Article,"Final","",Scopus,2-s2.0-0031191750
"Stelzner, Th., Heide, K., Bischoff, A., Weber, D., Merchel, S., Herpers, U., Faestermann, T., Knie, K., Korschinek, G., Kubik, P.W., Suter, M., Neumann, S., Michel, R., Scherer, P., Schultz, L., Jull, A.J.T.","7004218133;7005192835;7101951560;35188114500;6602195151;8749160800;35285566600;6603897233;7004262575;24488312100;7101609539;7102941157;7202599465;7101939610;7202764242;7005603161;","Rincon: A new L6 chondrite find from Argentina",1997,"Chemie der Erde","57","4",,"297","309",,3,,"https://www.scopus.com/inward/record.uri?eid=2-s2.0-6044266067&partnerID=40&md5=8b6fc1a80f051b61f42cabe3ef49b132",Article,"Final","",Scopus,2-s2.0-6044266067
"Zolensky, M., Martinez, R., Martinez De Los Rios, E.","7004988775;7402193893;6506644575;","New L chondrites from the Atacama Desert, Chile",1995,"Meteoritics","30","6",,"785","787",,5,,"https://www.scopus.com/inward/record.uri?eid=2-s2.0-0029475739&partnerID=40&md5=f52760a3c746f2acadedaa24a7d99fec",Article,"Final","",Scopus,2-s2.0-0029475739
"Searl, A., Rankin, S.","36944598200;7103116742;","A preliminary petrographic study of the Chilean nitrates",1993,"Geological Magazine","130","3",,"319","333",,31,"10.1017/S0016756800020008","https://www.scopus.com/inward/record.uri?eid=2-s2.0-0027503687&doi=10.1017%2fS0016756800020008&partnerID=40&md5=83663b85b05d8765051907d24127fcf0",Article,"Final","",Scopus,2-s2.0-0027503687
"Francis, P.W., McAllister, R.","7202154430;57190724275;","Volcanology from space: Using Landsat Thematic Mapper data in the central Andes",1986,"Eos, Transactions American Geophysical Union","67","14",,"170","171",,15,"10.1029/EO067i014p00170","https://www.scopus.com/inward/record.uri?eid=2-s2.0-84982595779&doi=10.1029%2fEO067i014p00170&partnerID=40&md5=70dfa4cf992cc2505ae2822b47858aa6",Article,"Final","",Scopus,2-s2.0-84982595779
"Opfell, J.B., Zebal, G.P.","6507681011;6505512530;","Ecological patterns of micro-organisms in desert soils.",1967,"Life sciences and space research","5",,,"187","203",,4,,"https://www.scopus.com/inward/record.uri?eid=2-s2.0-0014190323&partnerID=40&md5=3ba84fc9171996f41beb086ab520012a",Article,"Final","",Scopus,2-s2.0-0014190323
